"Kandidatas";"Iškėlė";"apylinkėse";"paštu";"iš viso";"% nuo galiojančių biuletenių";"% nuo dalyvavusių rinkėjų";"Apygarda";"Apygardos_numeris"
"ŽYGIMANTAS PAVILIONIS";"Tėvynės sąjunga - Lietuvos krikščionys demokratai";"7441";"4045";"11486";"44,09";"43,14";"Naujamiesčio";1
"VIRGILIJUS ALEKNA";"Lietuvos Respublikos liberalų sąjūdis";"3422";"1614";"5036";"19,33";"18,91";"Naujamiesčio";1
"DOVILĖ ŠAKALIENĖ";"Lietuvos valstiečių ir žaliųjų sąjunga";"1240";"757";"1997";"7,66";"7,50";"Naujamiesčio";1
"FAUSTAS LATĖNAS";"Lietuvos socialdemokratų partija";"1399";"338";"1737";"6,67";"6,52";"Naujamiesčio";1
"PETRAS NAUSĖDA";"Lietuvos laisvės sąjunga (liberalai)";"645";"248";"893";"3,43";"3,35";"Naujamiesčio";1
"ARTUR LIUDKOVSKI";"Lietuvos lenkų rinkimų akcija-Krikščioniškų šeimų sąjunga";"758";"86";"844";"3,24";"3,17";"Naujamiesčio";1
"JŪRATĖ ZABIELAITĖ";"Politinė partija „Lietuvos sąrašas“";"527";"256";"783";"3,01";"2,94";"Naujamiesčio";1
"LAURYNAS OKOCKIS";"Lietuvos žaliųjų partija";"479";"270";"749";"2,87";"2,81";"Naujamiesčio";1
"ALVYDAS MEDALINSKAS";"Antikorupcinė N. Puteikio ir K. Krivicko koalicija (Lietuvos centro partija, Lietuvos pensininkų partiją)";"465";"211";"676";"2,59";"2,54";"Naujamiesčio";1
"IEVA KAČINSKAITĖ-URBONIENĖ";"Darbo partija";"453";"165";"618";"2,37";"2,32";"Naujamiesčio";1
"ELONA ŠVIPIENĖ";"Lietuvos liaudies partija";"246";"284";"530";"2,03";"1,99";"Naujamiesčio";1
"DAIVA URBONAVIČIŪTĖ";"Partija Tvarka ir teisingumas";"320";"116";"436";"1,67";"1,64";"Naujamiesčio";1
"ARŪNAS EIGIRDAS";"S. Buškevičiaus ir Tautininkų koalicija „Prieš korupciją ir skurdą“ (Partija „Jaunoji Lietuva“, Tautininkų sąjunga)";"138";"62";"200";"0,77";"0,75";"Naujamiesčio";1
"EINARAS VILDĖ";"„Drąsos kelias“ politinė partija";"41";"28";"69";"0,26";"0,26";"Naujamiesčio";1
"MYKOLAS MAJAUSKAS";"Tėvynės sąjunga - Lietuvos krikščionys demokratai";"6458";"921";"7379";"36,32";"35,07";"Senamiesčio";2
"ARTŪRAS ZUOKAS";"Lietuvos laisvės sąjunga (liberalai)";"3150";"364";"3514";"17,30";"16,70";"Senamiesčio";2
"DARIUS KUOLYS";"Politinė partija „Lietuvos sąrašas“";"1442";"164";"1606";"7,91";"7,63";"Senamiesčio";2
"STASYS JAKELIŪNAS";"Lietuvos valstiečių ir žaliųjų sąjunga";"1319";"153";"1472";"7,25";"7,00";"Senamiesčio";2
"MARIJA AUŠRINĖ PAVILIONIENĖ";"Lietuvos socialdemokratų partija";"1269";"158";"1427";"7,02";"6,78";"Senamiesčio";2
"VYDUTIS ŠEREIKA";"Lietuvos Respublikos liberalų sąjūdis";"1088";"188";"1276";"6,28";"6,06";"Senamiesčio";2
"TADEUŠ LAVRYNOVIČ";"Lietuvos lenkų rinkimų akcija-Krikščioniškų šeimų sąjunga";"1126";"67";"1193";"5,87";"5,67";"Senamiesčio";2
"MEČYS LAURINKUS";"Lietuvos žaliųjų partija";"835";"104";"939";"4,62";"4,46";"Senamiesčio";2
"RAIMONDA KAROSAITĖ";"Partija Tvarka ir teisingumas";"351";"46";"397";"1,95";"1,89";"Senamiesčio";2
"SAKALAS GORODECKIS";"S. Buškevičiaus ir Tautininkų koalicija „Prieš korupciją ir skurdą“ (Partija „Jaunoji Lietuva“, Tautininkų sąjunga)";"316";"34";"350";"1,72";"1,66";"Senamiesčio";2
"PALMYRA VINKŠNAITĖ";"Darbo partija";"282";"48";"330";"1,62";"1,57";"Senamiesčio";2
"GINTARAS RADVILA";"Lietuvos liaudies partija";"276";"21";"297";"1,46";"1,41";"Senamiesčio";2
"PAULIUS VINKLERIS";"Antikorupcinė N. Puteikio ir K. Krivicko koalicija (Lietuvos centro partija, Lietuvos pensininkų partiją)";"105";"31";"136";"0,67";"0,65";"Senamiesčio";2
"INGRIDA ŠIMONYTĖ";"Tėvynės sąjunga - Lietuvos krikščionys demokratai";"10232";"1035";"11267";"53,33";"51,54";"Antakalnio";3
"JURAS POŽELA";"Lietuvos socialdemokratų partija";"1949";"210";"2159";"10,22";"9,88";"Antakalnio";3
"VINCAS JURGUTIS";"Lietuvos Respublikos liberalų sąjūdis";"1595";"105";"1700";"8,05";"7,78";"Antakalnio";3
"TOMAS BAKUČIONIS";"Lietuvos valstiečių ir žaliųjų sąjunga";"1471";"116";"1587";"7,51";"7,26";"Antakalnio";3
"TADEUŠ ANDŽEJEVSKI";"Lietuvos lenkų rinkimų akcija-Krikščioniškų šeimų sąjunga";"1302";"89";"1391";"6,58";"6,36";"Antakalnio";3
"RENATAS MIŠKINIS";"Lietuvos žaliųjų partija";"844";"69";"913";"4,32";"4,18";"Antakalnio";3
"ALDONA ŠVENTICKIENĖ";"Lietuvos laisvės sąjunga (liberalai)";"705";"67";"772";"3,65";"3,53";"Antakalnio";3
"GEDIMINAS IMBRASAS";"Partija Tvarka ir teisingumas";"461";"56";"517";"2,45";"2,37";"Antakalnio";3
"VIDMANTAS ŽIEMELIS";"Darbo partija";"375";"56";"431";"2,04";"1,97";"Antakalnio";3
"EUGENIJUS PALIOKAS";"Lietuvos liaudies partija";"256";"16";"272";"1,29";"1,24";"Antakalnio";3
"GITANA NEVULIENĖ";"Lietuvos centro partija";"109";"10";"119";"0,56";"0,54";"Antakalnio";3
"AUŠRA MALDEIKIENĖ";"Politinė partija „Lietuvos sąrašas“";"3968";"344";"4312";"23,19";"22,33";"Žirmūnų";4
"VILIJA ALEKNAITĖ ABRAMIKIENĖ";"Tėvynės sąjunga - Lietuvos krikščionys demokratai";"3421";"473";"3894";"20,94";"20,16";"Žirmūnų";4
"ŠARŪNAS GUSTAINIS";"Lietuvos Respublikos liberalų sąjūdis";"2499";"273";"2772";"14,90";"14,35";"Žirmūnų";4
"MARIUS SKARUPSKAS";"Lietuvos socialdemokratų partija";"1478";"182";"1660";"8,93";"8,60";"Žirmūnų";4
"RENATA CYTACKA";"Lietuvos lenkų rinkimų akcija-Krikščioniškų šeimų sąjunga";"1375";"52";"1427";"7,67";"7,39";"Žirmūnų";4
"ARMINAS MOCKEVIČIUS";"Lietuvos valstiečių ir žaliųjų sąjunga";"949";"103";"1052";"5,66";"5,45";"Žirmūnų";4
"JONAS JUODKA";"Lietuvos laisvės sąjunga (liberalai)";"775";"79";"854";"4,59";"4,42";"Žirmūnų";4
"TOMAS AMBRAZAS";"Save išsikėlę";"772";"68";"840";"4,52";"4,35";"Žirmūnų";4
"JULIUS PANKA";"Partija Tvarka ir teisingumas";"460";"36";"496";"2,67";"2,57";"Žirmūnų";4
"GINTARAS TAMOŠIŪNAS";"Darbo partija";"427";"36";"463";"2,49";"2,40";"Žirmūnų";4
"JOANA KORABLIOVIENĖ";"Lietuvos žaliųjų partija";"358";"31";"389";"2,09";"2,01";"Žirmūnų";4
"VALENTINAS ŠAPALAS";"Antikorupcinė N. Puteikio ir K. Krivicko koalicija (Lietuvos centro partija, Lietuvos pensininkų partiją)";"218";"12";"230";"1,24";"1,19";"Žirmūnų";4
"RIČARDAS ČEKUTIS";"S. Buškevičiaus ir Tautininkų koalicija „Prieš korupciją ir skurdą“ (Partija „Jaunoji Lietuva“, Tautininkų sąjunga)";"190";"19";"209";"1,12";"1,08";"Žirmūnų";4
"VYTAUTAS KERNAGIS";"Tėvynės sąjunga - Lietuvos krikščionys demokratai";"5714";"420";"6134";"31,49";"30,41";"Fabijoniškių";5
"DALIA KUODYTĖ";"Lietuvos Respublikos liberalų sąjūdis";"2384";"191";"2575";"13,22";"12,77";"Fabijoniškių";5
"VIRGILIJUS PODERYS";"Lietuvos valstiečių ir žaliųjų sąjunga";"2399";"127";"2526";"12,97";"12,52";"Fabijoniškių";5
"GINTAUTAS PALUCKAS";"Lietuvos socialdemokratų partija";"1964";"109";"2073";"10,64";"10,28";"Fabijoniškių";5
"ARTŪRAS PAULAUSKAS";"Darbo partija";"1773";"97";"1870";"9,60";"9,27";"Fabijoniškių";5
"RAFAEL MUKSINOV";"Lietuvos lenkų rinkimų akcija-Krikščioniškų šeimų sąjunga";"1720";"46";"1766";"9,07";"8,76";"Fabijoniškių";5
"ŽILVINAS ŠILGALIS";"Lietuvos laisvės sąjunga (liberalai)";"1002";"67";"1069";"5,49";"5,30";"Fabijoniškių";5
"GINTAUTAS TERLECKAS";"Politinė partija „Lietuvos sąrašas“";"614";"20";"634";"3,25";"3,14";"Fabijoniškių";5
"RYTIS JANKAUSKAS";"Partija Tvarka ir teisingumas";"376";"25";"401";"2,06";"1,99";"Fabijoniškių";5
"ARTAS BRASAS";"Lietuvos liaudies partija";"262";"8";"270";"1,39";"1,34";"Fabijoniškių";5
"ALFONSAS BUTĖ";"Antikorupcinė N. Puteikio ir K. Krivicko koalicija (Lietuvos centro partija, Lietuvos pensininkų partiją)";"138";"22";"160";"0,82";"0,79";"Fabijoniškių";5
"AUDRONIUS AŽUBALIS";"Tėvynės sąjunga - Lietuvos krikščionys demokratai";"3720";"361";"4081";"24,79";"23,68";"Šeškinės";6
"VIRGINIJUS SINKEVIČIUS";"Lietuvos valstiečių ir žaliųjų sąjunga";"2636";"136";"2772";"16,84";"16,08";"Šeškinės";6
"AGNĖ ZUOKIENĖ";"Lietuvos laisvės sąjunga (liberalai)";"1956";"113";"2069";"12,57";"12,00";"Šeškinės";6
"ZBIGNIEV MACIEJEVSKI";"Lietuvos lenkų rinkimų akcija-Krikščioniškų šeimų sąjunga";"1998";"69";"2067";"12,56";"11,99";"Šeškinės";6
"ALGIRDAS SYSAS";"Lietuvos socialdemokratų partija";"1592";"96";"1688";"10,25";"9,79";"Šeškinės";6
"ANDRIUS MAZURONIS";"Lietuvos Respublikos liberalų sąjūdis";"1454";"119";"1573";"9,56";"9,13";"Šeškinės";6
"VYTAUTAS GAPŠYS";"Darbo partija";"903";"64";"967";"5,87";"5,61";"Šeškinės";6
"GEDIMINAS RUDŽIONIS";"Partija Tvarka ir teisingumas";"452";"23";"475";"2,89";"2,76";"Šeškinės";6
"LIUDAS BRADAUSKAS";"Politinė partija „Lietuvos sąrašas“";"410";"30";"440";"2,67";"2,55";"Šeškinės";6
"DANGUOLĖ TAUTVYDIENĖ";"Lietuvos liaudies partija";"195";"8";"203";"1,23";"1,18";"Šeškinės";6
"JURGIS ZABILIUS";"Antikorupcinė N. Puteikio ir K. Krivicko koalicija (Lietuvos centro partija, Lietuvos pensininkų partiją)";"122";"4";"126";"0,77";"0,73";"Šeškinės";6
"PAULIUS SAUDARGAS";"Tėvynės sąjunga - Lietuvos krikščionys demokratai";"3789";"303";"4092";"24,70";"23,85";"Justiniškių";7
"DANUTA NARBUT";"Lietuvos lenkų rinkimų akcija-Krikščioniškų šeimų sąjunga";"2137";"84";"2221";"13,41";"12,94";"Justiniškių";7
"KRISTUPAS AUGUSTAS KRIVICKAS";"Antikorupcinė N. Puteikio ir K. Krivicko koalicija (Lietuvos centro partija, Lietuvos pensininkų partiją)";"2077";"101";"2178";"13,15";"12,69";"Justiniškių";7
"LINAS KVEDARAVIČIUS";"Lietuvos Respublikos liberalų sąjūdis";"1844";"125";"1969";"11,89";"11,48";"Justiniškių";7
"GEDIMINAS KIRKILAS";"Lietuvos socialdemokratų partija";"1822";"128";"1950";"11,77";"11,36";"Justiniškių";7
"VIRGINIJA VINGRIENĖ";"Lietuvos valstiečių ir žaliųjų sąjunga";"1806";"95";"1901";"11,47";"11,08";"Justiniškių";7
"ALGIS ČAPLIKAS";"Lietuvos laisvės sąjunga (liberalai)";"724";"50";"774";"4,67";"4,51";"Justiniškių";7
"GIEDRIUS MOZŪRAITIS";"Darbo partija";"606";"36";"642";"3,88";"3,74";"Justiniškių";7
"ASTA NIDA PODERIENĖ";"Politinė partija „Lietuvos sąrašas“";"406";"16";"422";"2,55";"2,46";"Justiniškių";7
"TOMAS VALAŠINAS";"Partija Tvarka ir teisingumas";"395";"23";"418";"2,52";"2,44";"Justiniškių";7
"SAULIUS SKVERNELIS";"Lietuvos valstiečių ir žaliųjų sąjunga";"5831";"364";"6195";"31,30";"30,08";"Karoliniškių";8
"KĘSTUTIS MASIULIS";"Tėvynės sąjunga - Lietuvos krikščionys demokratai";"4085";"432";"4517";"22,82";"21,93";"Karoliniškių";8
"RIMANTAS REMEIKA";"Lietuvos Respublikos liberalų sąjūdis";"1964";"161";"2125";"10,74";"10,32";"Karoliniškių";8
"EDITA TAMOŠIŪNAITĖ";"Lietuvos lenkų rinkimų akcija-Krikščioniškų šeimų sąjunga";"2051";"51";"2102";"10,62";"10,21";"Karoliniškių";8
"JUOZAS BERNATONIS";"Lietuvos socialdemokratų partija";"1432";"106";"1538";"7,77";"7,47";"Karoliniškių";8
"RAIMONDAS ŠUKYS";"Lietuvos laisvės sąjunga (liberalai)";"1050";"59";"1109";"5,60";"5,38";"Karoliniškių";8
"VALDAS SKARBALIUS";"Darbo partija";"629";"34";"663";"3,35";"3,22";"Karoliniškių";8
"ALMANTAS PETKUS";"Partija Tvarka ir teisingumas";"482";"22";"504";"2,55";"2,45";"Karoliniškių";8
"DAINORA EIGMINIENĖ";"Politinė partija „Lietuvos sąrašas“";"472";"26";"498";"2,52";"2,42";"Karoliniškių";8
"VYTAUTAS JUOZAPAITIS";"Lietuvos liaudies partija";"335";"27";"362";"1,83";"1,76";"Karoliniškių";8
"ALBINA KAVALIAUSKAITĖ";"Antikorupcinė N. Puteikio ir K. Krivicko koalicija (Lietuvos centro partija, Lietuvos pensininkų partiją)";"172";"8";"180";"0,91";"0,87";"Karoliniškių";8
"ALGIS STRELČIŪNAS";"Tėvynės sąjunga - Lietuvos krikščionys demokratai";"5226";"443";"5669";"30,83";"29,62";"Lazdynų";9
"AUŠRINĖ ARMONAITĖ";"Lietuvos Respublikos liberalų sąjūdis";"3394";"286";"3680";"20,01";"19,23";"Lazdynų";9
"VYTAUTAS BAKAS";"Lietuvos valstiečių ir žaliųjų sąjunga";"2764";"151";"2915";"15,85";"15,23";"Lazdynų";9
"JAROSLAV KAMINSKI";"Lietuvos lenkų rinkimų akcija-Krikščioniškų šeimų sąjunga";"2031";"83";"2114";"11,50";"11,05";"Lazdynų";9
"JULIUS PAGOJUS";"Lietuvos socialdemokratų partija";"1245";"120";"1365";"7,42";"7,13";"Lazdynų";9
"JONAS PINSKUS";"Darbo partija";"627";"41";"668";"3,63";"3,49";"Lazdynų";9
"REGIMANTAS ČIUPAILA";"Lietuvos laisvės sąjunga (liberalai)";"598";"45";"643";"3,50";"3,36";"Lazdynų";9
"ONA VALIUKEVIČIŪTĖ";"Partija Tvarka ir teisingumas";"509";"24";"533";"2,90";"2,78";"Lazdynų";9
"KĘSTUTIS SUBAČIUS";"Politinė partija „Lietuvos sąrašas“";"442";"30";"472";"2,57";"2,47";"Lazdynų";9
"RIČARDAS VYSOCKIS";"Lietuvos liaudies partija";"192";"10";"202";"1,10";"1,06";"Lazdynų";9
"ROMAS PAVOLAS";"Antikorupcinė N. Puteikio ir K. Krivicko koalicija (Lietuvos centro partija, Lietuvos pensininkų partiją)";"124";"2";"126";"0,69";"0,66";"Lazdynų";9
"ALGIRDAS PALECKIS";"Save išsikėlę";"3657";"158";"3815";"23,94";"23,08";"Naujosios Vilnios";10
"MONIKA NAVICKIENĖ";"Tėvynės sąjunga - Lietuvos krikščionys demokratai";"3487";"314";"3801";"23,85";"22,99";"Naujosios Vilnios";10
"ŽYDRŪNAS SAVICKAS";"Lietuvos Respublikos liberalų sąjūdis";"1719";"125";"1844";"11,57";"11,15";"Naujosios Vilnios";10
"VANDA KRAVČIONOK";"Lietuvos lenkų rinkimų akcija-Krikščioniškų šeimų sąjunga";"1615";"112";"1727";"10,84";"10,45";"Naujosios Vilnios";10
"GIEDRIUS SURPLYS";"Lietuvos valstiečių ir žaliųjų sąjunga";"1636";"83";"1719";"10,79";"10,40";"Naujosios Vilnios";10
"EDUARDAS ŠABLINSKAS";"Lietuvos socialdemokratų partija";"1018";"73";"1091";"6,85";"6,60";"Naujosios Vilnios";10
"SERGEJ URSUL";"Darbo partija";"723";"37";"760";"4,77";"4,60";"Naujosios Vilnios";10
"ZYGMUNT KLONOVSKI";"Lietuvos laisvės sąjunga (liberalai)";"467";"37";"504";"3,16";"3,05";"Naujosios Vilnios";10
"RYŠARDAS BURDA";"Partija Tvarka ir teisingumas";"390";"36";"426";"2,67";"2,58";"Naujosios Vilnios";10
"ANDRIUS CHRAPOVICKIS";"Lietuvos liaudies partija";"116";"9";"125";"0,78";"0,76";"Naujosios Vilnios";10
"GINTARAS MOTIEJŪNAS";"Lietuvos centro partija";"118";"7";"125";"0,78";"0,76";"Naujosios Vilnios";10
"AISTĖ GEDVILIENĖ";"Tėvynės sąjunga - Lietuvos krikščionys demokratai";"2401";"212";"2613";"17,78";"16,97";"Panerių";11
"LINAS BALSYS";"Lietuvos žaliųjų partija";"2022";"107";"2129";"14,49";"13,82";"Panerių";11
"ROMUALDA POŠEVECKAJA";"Lietuvos lenkų rinkimų akcija-Krikščioniškų šeimų sąjunga";"1706";"113";"1819";"12,38";"11,81";"Panerių";11
"JULIJA MACKEVIČ";"Lietuvos Respublikos liberalų sąjūdis";"1346";"110";"1456";"9,91";"9,45";"Panerių";11
"ARTŪRAS MELIANAS";"Save išsikėlę";"1240";"62";"1302";"8,86";"8,45";"Panerių";11
"VILIJA FILIPOVIČIENĖ";"Darbo partija";"1094";"78";"1172";"7,98";"7,61";"Panerių";11
"TOMAS TOMILINAS";"Lietuvos valstiečių ir žaliųjų sąjunga";"1022";"51";"1073";"7,30";"6,97";"Panerių";11
"SAULIUS POVILAITIS";"Lietuvos socialdemokratų partija";"711";"62";"773";"5,26";"5,02";"Panerių";11
"RAMUTĖ NALIVAIKIENĖ";"Antikorupcinė N. Puteikio ir K. Krivicko koalicija (Lietuvos centro partija, Lietuvos pensininkų partiją)";"488";"38";"526";"3,58";"3,42";"Panerių";11
"JURIJUS SUBOTINAS";"Save išsikėlę";"458";"15";"473";"3,22";"3,07";"Panerių";11
"RUSLAN KOVALIOV";"Lietuvos laisvės sąjunga (liberalai)";"386";"47";"433";"2,95";"2,81";"Panerių";11
"ROMUALDAS GĖGŽNAS";"Partija Tvarka ir teisingumas";"368";"35";"403";"2,74";"2,62";"Panerių";11
"NARIMANTAS ŠEDYS";"Politinė partija „Lietuvos sąrašas“";"308";"26";"334";"2,27";"2,17";"Panerių";11
"VITALIJUS BALKUS";"Lietuvos liaudies partija";"177";"12";"189";"1,29";"1,23";"Panerių";11
"DAINIUS KREIVYS";"Tėvynės sąjunga - Lietuvos krikščionys demokratai";"6191";"624";"6815";"32,17";"31,18";"Verkių";12
"GINTARAS STEPONAVIČIUS";"Lietuvos Respublikos liberalų sąjūdis";"3253";"301";"3554";"16,78";"16,26";"Verkių";12
"RASA BUDBERGYTĖ";"Lietuvos socialdemokratų partija";"2906";"234";"3140";"14,82";"14,37";"Verkių";12
"ASTA KUBILIENĖ";"Lietuvos valstiečių ir žaliųjų sąjunga";"1973";"146";"2119";"10,00";"9,70";"Verkių";12
"GŽEGOŽ SAKSON";"Lietuvos lenkų rinkimų akcija-Krikščioniškų šeimų sąjunga";"1217";"59";"1276";"6,02";"5,84";"Verkių";12
"VISVALDAS RAČKAUSKAS";"Lietuvos laisvės sąjunga (liberalai)";"1027";"79";"1106";"5,22";"5,06";"Verkių";12
"MARIJA TAMKEVIČIŪTĖ";"Lietuvos žaliųjų partija";"1025";"65";"1090";"5,14";"4,99";"Verkių";12
"SERGEJ DMITRIJEV";"Darbo partija";"610";"32";"642";"3,03";"2,94";"Verkių";12
"AUDRIUS NAKAS";"Lietuvos liaudies partija";"459";"31";"490";"2,31";"2,24";"Verkių";12
"ROBERTAS RAMANAUSKAS";"Politinė partija „Lietuvos sąrašas“";"421";"30";"451";"2,13";"2,06";"Verkių";12
"DARIUS RADVILA";"Partija Tvarka ir teisingumas";"350";"28";"378";"1,78";"1,73";"Verkių";12
"ASTA MUSTEIKIENĖ";"Antikorupcinė N. Puteikio ir K. Krivicko koalicija (Lietuvos centro partija, Lietuvos pensininkų partiją)";"117";"8";"125";"0,59";"0,57";"Verkių";12
"GABRIELIUS LANDSBERGIS";"Tėvynės sąjunga - Lietuvos krikščionys demokratai";"6783";"961";"7744";"40,28";"38,36";"Centro-Žaliakalnio";13
"AUDRONĖ JANKUVIENĖ";"Lietuvos valstiečių ir žaliųjų sąjunga";"2574";"233";"2807";"14,60";"13,90";"Centro-Žaliakalnio";13
"DAINIUS PAVALKIS";"Lietuvos socialdemokratų partija";"2471";"299";"2770";"14,41";"13,72";"Centro-Žaliakalnio";13
"ARŪNAS GELŪNAS";"Lietuvos Respublikos liberalų sąjūdis";"2208";"329";"2537";"13,20";"12,57";"Centro-Žaliakalnio";13
"ROLANDAS PAULAUSKAS";"Lietuvos liaudies partija";"677";"61";"738";"3,84";"3,66";"Centro-Žaliakalnio";13
"ROMUALDAS DUMČIUS";"Partija Tvarka ir teisingumas";"505";"78";"583";"3,03";"2,89";"Centro-Žaliakalnio";13
"RAMUNĖ JURKUVIENĖ";"Politinė partija „Lietuvos sąrašas“";"487";"77";"564";"2,93";"2,79";"Centro-Žaliakalnio";13
"ERNESTA RANUSIENĖ";"Darbo partija";"420";"77";"497";"2,59";"2,46";"Centro-Žaliakalnio";13
"DAINIUS VARNAS";"Lietuvos laisvės sąjunga (liberalai)";"347";"41";"388";"2,02";"1,92";"Centro-Žaliakalnio";13
"KĘSTUTIS JUKNIS";"Antikorupcinė N. Puteikio ir K. Krivicko koalicija (Lietuvos centro partija, Lietuvos pensininkų partiją)";"274";"38";"312";"1,62";"1,55";"Centro-Žaliakalnio";13
"ZETA ŠTARKEVIČIENĖ";"„Drąsos kelias“ politinė partija";"155";"17";"172";"0,89";"0,85";"Centro-Žaliakalnio";13
"ALGIMANTAS SABALIAUSKAS";"S. Buškevičiaus ir Tautininkų koalicija „Prieš korupciją ir skurdą“ (Partija „Jaunoji Lietuva“, Tautininkų sąjunga)";"103";"9";"112";"0,58";"0,55";"Centro-Žaliakalnio";13
"RAMŪNAS KARBAUSKIS";"Lietuvos valstiečių ir žaliųjų sąjunga";"7464";"331";"7795";"41,36";"39,07";"Šilainių";14
"RIMANTAS JONAS DAGYS";"Tėvynės sąjunga - Lietuvos krikščionys demokratai";"3527";"324";"3851";"20,44";"19,30";"Šilainių";14
"RIMANTAS MIKAITIS";"Lietuvos Respublikos liberalų sąjūdis";"2321";"169";"2490";"13,21";"12,48";"Šilainių";14
"KĘSTUTIS PŪKAS";"Partija Tvarka ir teisingumas";"1195";"73";"1268";"6,73";"6,36";"Šilainių";14
"BIRUTĖ VĖSAITĖ";"Lietuvos socialdemokratų partija";"1085";"84";"1169";"6,20";"5,86";"Šilainių";14
"MEČISLOVAS ZASČIURINSKAS";"Darbo partija";"645";"43";"688";"3,65";"3,45";"Šilainių";14
"ELIGIJUS DZEŽULSKIS-DUONYS";"Antikorupcinė N. Puteikio ir K. Krivicko koalicija (Lietuvos centro partija, Lietuvos pensininkų partiją)";"517";"20";"537";"2,85";"2,69";"Šilainių";14
"LINA ČERNECKYTĖ";"Lietuvos liaudies partija";"477";"20";"497";"2,64";"2,49";"Šilainių";14
"DARIUS KUDIRKA";"Lietuvos laisvės sąjunga (liberalai)";"319";"27";"346";"1,84";"1,73";"Šilainių";14
"RENALDAS ŠČIGLINSKAS";"„Drąsos kelias“ politinė partija";"193";"11";"204";"1,08";"1,02";"Šilainių";14
"AUŠRA PAPIRTIENĖ";"Lietuvos valstiečių ir žaliųjų sąjunga";"3937";"244";"4181";"22,24";"20,77";"Kalniečių";15
"ANDRIUS KUPČINSKAS";"Tėvynės sąjunga - Lietuvos krikščionys demokratai";"3093";"356";"3449";"18,35";"17,14";"Kalniečių";15
"ARIMANTAS DUMČIUS";"Save išsikėlę";"2688";"188";"2876";"15,30";"14,29";"Kalniečių";15
"SIMONAS KAIRYS";"Lietuvos Respublikos liberalų sąjūdis";"2564";"242";"2806";"14,93";"13,94";"Kalniečių";15
"ORINTA LEIPUTĖ";"Lietuvos socialdemokratų partija";"2006";"151";"2157";"11,47";"10,72";"Kalniečių";15
"STANISLOVAS BUŠKEVIČIUS";"S. Buškevičiaus ir Tautininkų koalicija „Prieš korupciją ir skurdą“ (Partija „Jaunoji Lietuva“, Tautininkų sąjunga)";"1613";"82";"1695";"9,02";"8,42";"Kalniečių";15
"EGIDIJUS DRĖZAS";"Antikorupcinė N. Puteikio ir K. Krivicko koalicija (Lietuvos centro partija, Lietuvos pensininkų partiją)";"704";"22";"726";"3,86";"3,61";"Kalniečių";15
"JULIUS MORKŪNAS";"Partija Tvarka ir teisingumas";"588";"37";"625";"3,32";"3,11";"Kalniečių";15
"ARŪNAS BANAITIS";"„Drąsos kelias“ politinė partija";"267";"16";"283";"1,51";"1,41";"Kalniečių";15
"JUOZAS PUNDZIUS";"Tėvynės sąjunga - Lietuvos krikščionys demokratai";"4176";"400";"4576";"25,77";"23,84";"Dainavos";16
"LAURAS STACEVIČIUS";"Lietuvos valstiečių ir žaliųjų sąjunga";"4201";"187";"4388";"24,72";"22,86";"Dainavos";16
"KĘSTUTIS GLAVECKAS";"Lietuvos Respublikos liberalų sąjūdis";"2596";"197";"2793";"15,73";"14,55";"Dainavos";16
"RASA ŠNAPŠTIENĖ";"Lietuvos socialdemokratų partija";"2205";"151";"2356";"13,27";"12,27";"Dainavos";16
"VYDAS GEDVILAS";"Darbo partija";"1037";"88";"1125";"6,34";"5,86";"Dainavos";16
"STASYS BUŠKEVIČIUS";"S. Buškevičiaus ir Tautininkų koalicija „Prieš korupciją ir skurdą“ (Partija „Jaunoji Lietuva“, Tautininkų sąjunga)";"877";"56";"933";"5,26";"4,86";"Dainavos";16
"ŽYDRŪNĖ BALSYTĖ";"Antikorupcinė N. Puteikio ir K. Krivicko koalicija (Lietuvos centro partija, Lietuvos pensininkų partiją)";"561";"36";"597";"3,36";"3,11";"Dainavos";16
"SIGITAS SIDARAVIČIUS";"Partija Tvarka ir teisingumas";"523";"45";"568";"3,20";"2,96";"Dainavos";16
"VALDAS FILIPONIS";"„Drąsos kelias“ politinė partija";"240";"26";"266";"1,50";"1,39";"Dainavos";16
"ALEKSANDR FIODOROV";"Lietuvos lenkų rinkimų akcija-Krikščioniškų šeimų sąjunga";"139";"13";"152";"0,86";"0,79";"Dainavos";16
"KAZYS STARKEVIČIUS";"Tėvynės sąjunga - Lietuvos krikščionys demokratai";"5083";"380";"5463";"32,50";"30,22";"Petrašiūnų";17
"GEDIMINAS VASILIAUSKAS";"Lietuvos valstiečių ir žaliųjų sąjunga";"4665";"235";"4900";"29,15";"27,11";"Petrašiūnų";17
"DARIUS RAZMISLEVIČIUS";"Lietuvos socialdemokratų partija";"1768";"125";"1893";"11,26";"10,47";"Petrašiūnų";17
"SIGITAS ŠLIAŽAS";"Lietuvos Respublikos liberalų sąjūdis";"1350";"138";"1488";"8,85";"8,23";"Petrašiūnų";17
"ROMUALDAS VISOKAVIČIUS";"Partija Tvarka ir teisingumas";"736";"64";"800";"4,76";"4,43";"Petrašiūnų";17
"POVILAS ŠEŠTOKAS";"Darbo partija";"664";"103";"767";"4,56";"4,24";"Petrašiūnų";17
"MARIUS JONAITIS";"Lietuvos liaudies partija";"590";"37";"627";"3,73";"3,47";"Petrašiūnų";17
"ANDRIUS BŪDA";"Lietuvos laisvės sąjunga (liberalai)";"463";"41";"504";"3,00";"2,79";"Petrašiūnų";17
"VIDA VAIVA ARMONIENĖ";"„Drąsos kelias“ politinė partija";"352";"17";"369";"2,19";"2,04";"Petrašiūnų";17
"TADAS LANGAITIS";"Tėvynės sąjunga - Lietuvos krikščionys demokratai";"4697";"416";"5113";"27,72";"26,05";"Panemunės";18
"AURELIJUS VERYGA";"Lietuvos valstiečių ir žaliųjų sąjunga";"3804";"216";"4020";"21,79";"20,48";"Panemunės";18
"LINAS ANTANAS LINKEVIČIUS";"Lietuvos socialdemokratų partija";"3143";"219";"3362";"18,23";"17,13";"Panemunės";18
"VIDA MARIJA ČIGRIEJIENĖ";"Save išsikėlę";"2117";"171";"2288";"12,40";"11,66";"Panemunės";18
"TOMAS EITUTIS";"Lietuvos Respublikos liberalų sąjūdis";"782";"66";"848";"4,60";"4,32";"Panemunės";18
"SAULIUS GIRDAUSKAS";"Darbo partija";"696";"68";"764";"4,14";"3,89";"Panemunės";18
"ARTŪRAS ORLAUSKAS";"Lietuvos laisvės sąjunga (liberalai)";"653";"42";"695";"3,77";"3,54";"Panemunės";18
"RIMAS ANTANAS RUČYS";"Partija Tvarka ir teisingumas";"455";"54";"509";"2,76";"2,59";"Panemunės";18
"RŪTA ZABIELIENĖ";"Antikorupcinė N. Puteikio ir K. Krivicko koalicija (Lietuvos centro partija, Lietuvos pensininkų partiją)";"471";"31";"502";"2,72";"2,56";"Panemunės";18
"JOLANTA LIPKEVIČIENĖ";"Politinė partija „Lietuvos sąrašas“";"322";"23";"345";"1,87";"1,76";"Panemunės";18
"MINDAUGAS PUIDOKAS";"Lietuvos valstiečių ir žaliųjų sąjunga";"4985";"282";"5267";"27,99";"26,32";"Aleksoto-Vilijampolės";19
"EDITA GUDIŠAUSKIENĖ";"Tėvynės sąjunga - Lietuvos krikščionys demokratai";"4420";"470";"4890";"25,99";"24,43";"Aleksoto-Vilijampolės";19
"JONAS AUDĖJAITIS";"Lietuvos socialdemokratų partija";"2678";"185";"2863";"15,21";"14,30";"Aleksoto-Vilijampolės";19
"ONA BALŽEKIENĖ";"Lietuvos Respublikos liberalų sąjūdis";"1521";"151";"1672";"8,89";"8,35";"Aleksoto-Vilijampolės";19
"LIGITAS KERNAGIS";"Antikorupcinė N. Puteikio ir K. Krivicko koalicija (Lietuvos centro partija, Lietuvos pensininkų partiją)";"853";"60";"913";"4,85";"4,56";"Aleksoto-Vilijampolės";19
"STANISLAVA ŠUMILAITĖ";"Lietuvos liaudies partija";"543";"26";"569";"3,02";"2,84";"Aleksoto-Vilijampolės";19
"JONAS VARKALA";"„Drąsos kelias“ politinė partija";"521";"38";"559";"2,97";"2,79";"Aleksoto-Vilijampolės";19
"KĘSTUTIS MAZURKEVIČIUS";"Politinė partija „Lietuvos sąrašas“";"496";"44";"540";"2,87";"2,70";"Aleksoto-Vilijampolės";19
"AUŠRA RUČIENĖ";"Partija Tvarka ir teisingumas";"457";"82";"539";"2,86";"2,69";"Aleksoto-Vilijampolės";19
"ERIKAS TAMAŠAUSKAS";"Lietuvos laisvės sąjunga (liberalai)";"478";"45";"523";"2,78";"2,61";"Aleksoto-Vilijampolės";19
"SIGYTAS KLIMAS";"Darbo partija";"428";"55";"483";"2,57";"2,41";"Aleksoto-Vilijampolės";19
"AGNĖ BILOTAITĖ";"Tėvynės sąjunga - Lietuvos krikščionys demokratai";"3231";"325";"3556";"26,94";"24,39";"Baltijos";20
"ALGIMANTAS KIRKUTIS";"Lietuvos valstiečių ir žaliųjų sąjunga";"2266";"130";"2396";"18,15";"16,43";"Baltijos";20
"ARTŪRAS ŠULCAS";"Lietuvos Respublikos liberalų sąjūdis";"1772";"199";"1971";"14,93";"13,52";"Baltijos";20
"IRENA ŠIAULIENĖ";"Lietuvos socialdemokratų partija";"943";"99";"1042";"7,89";"7,15";"Baltijos";20
"VIAČESLAV TITOV";"Save išsikėlę";"826";"25";"851";"6,45";"5,84";"Baltijos";20
"NATALJA ISTOMINA";"Partija Tvarka ir teisingumas";"762";"46";"808";"6,12";"5,54";"Baltijos";20
"TAMARA ŠUKLINA";"Lietuvos lenkų rinkimų akcija-Krikščioniškų šeimų sąjunga";"731";"31";"762";"5,77";"5,23";"Baltijos";20
"RAIMONDAS TAMOŠAUSKAS";"Antikorupcinė N. Puteikio ir K. Krivicko koalicija (Lietuvos centro partija, Lietuvos pensininkų partiją)";"625";"28";"653";"4,95";"4,48";"Baltijos";20
"RAIMUNDAS PALIUKAS";"Darbo partija";"498";"37";"535";"4,05";"3,67";"Baltijos";20
"BENAS RENATAS BALTUSIS";"Lietuvos laisvės sąjunga (liberalai)";"248";"30";"278";"2,11";"1,91";"Baltijos";20
"MARIUS ŠILEIKA";"S. Buškevičiaus ir Tautininkų koalicija „Prieš korupciją ir skurdą“ (Partija „Jaunoji Lietuva“, Tautininkų sąjunga)";"208";"18";"226";"1,71";"1,55";"Baltijos";20
"IRENIJUS ZALECKIS";"„Drąsos kelias“ politinė partija";"118";"5";"123";"0,93";"0,84";"Baltijos";20
"DAINIUS KEPENIS";"Lietuvos valstiečių ir žaliųjų sąjunga";"2452";"126";"2578";"19,79";"18,10";"Marių";21
"EDMUNDAS KVEDERIS";"Lietuvos Respublikos liberalų sąjūdis";"2093";"258";"2351";"18,05";"16,51";"Marių";21
"ANDRIUS PETRAITIS";"Tėvynės sąjunga - Lietuvos krikščionys demokratai";"1835";"180";"2015";"15,47";"14,15";"Marių";21
"IRINA ROZOVA";"Lietuvos lenkų rinkimų akcija-Krikščioniškų šeimų sąjunga";"1484";"56";"1540";"11,82";"10,81";"Marių";21
"LILIJA PETRAITIENĖ";"Lietuvos socialdemokratų partija";"1184";"82";"1266";"9,72";"8,89";"Marių";21
"GEDIMINAS ONAITIS";"Partija Tvarka ir teisingumas";"761";"48";"809";"6,21";"5,68";"Marių";21
"KRISTINA PAULIKĖ";"Politinė partija „Lietuvos sąrašas“";"729";"44";"773";"5,94";"5,43";"Marių";21
"EVALDAS JURKEVIČIUS";"Antikorupcinė N. Puteikio ir K. Krivicko koalicija (Lietuvos centro partija, Lietuvos pensininkų partiją)";"618";"28";"646";"4,96";"4,54";"Marių";21
"TOMAS BURKAUSKAS";"Darbo partija";"537";"37";"574";"4,41";"4,03";"Marių";21
"VALDEMARAS PUODŽIŪNAS";"Lietuvos laisvės sąjunga (liberalai)";"309";"23";"332";"2,55";"2,33";"Marių";21
"RIMANTAS PETRIKAS";"„Drąsos kelias“ politinė partija";"133";"7";"140";"1,07";"0,98";"Marių";21
"GINTARAS VAIČEKAUSKAS";"Lietuvos Respublikos liberalų sąjūdis";"2424";"444";"2868";"19,27";"17,83";"Pajūrio";22
"ARŪNAS BARBŠYS";"Tėvynės sąjunga - Lietuvos krikščionys demokratai";"2267";"517";"2784";"18,71";"17,31";"Pajūrio";22
"PAULIUS ZAVIŠA";"Lietuvos valstiečių ir žaliųjų sąjunga";"2359";"297";"2656";"17,85";"16,51";"Pajūrio";22
"NINA PUTEIKIENĖ";"Antikorupcinė N. Puteikio ir K. Krivicko koalicija (Lietuvos centro partija, Lietuvos pensininkų partiją)";"1700";"163";"1863";"12,52";"11,58";"Pajūrio";22
"BENEDIKTAS PETRAUSKAS";"Lietuvos socialdemokratų partija";"1545";"247";"1792";"12,04";"11,14";"Pajūrio";22
"ANDREJ KUGMEROV";"Lietuvos lenkų rinkimų akcija-Krikščioniškų šeimų sąjunga";"1121";"42";"1163";"7,82";"7,23";"Pajūrio";22
"ARTŪRAS RAZBADAUSKAS";"Partija Tvarka ir teisingumas";"907";"93";"1000";"6,72";"6,22";"Pajūrio";22
"GENOVEITA KRASAUSKIENĖ";"Darbo partija";"500";"47";"547";"3,68";"3,40";"Pajūrio";22
"KAROLIS SKIRKUS";"Lietuvos liaudies partija";"189";"19";"208";"1,40";"1,29";"Pajūrio";22
"NAGLIS PUTEIKIS";"Antikorupcinė N. Puteikio ir K. Krivicko koalicija (Lietuvos centro partija, Lietuvos pensininkų partiją)";"3942";"374";"4316";"25,59";"24,26";"Danės";23
"SIMONAS GENTVILAS";"Lietuvos Respublikos liberalų sąjūdis";"3522";"587";"4109";"24,36";"23,10";"Danės";23
"RIMANTAS DIDŽIOKAS";"Tėvynės sąjunga - Lietuvos krikščionys demokratai";"2494";"383";"2877";"17,06";"16,17";"Danės";23
"ARŪNAS ANDZIULIS";"Lietuvos valstiečių ir žaliųjų sąjunga";"1940";"172";"2112";"12,52";"11,87";"Danės";23
"DAINIUS BUDRYS";"Lietuvos socialdemokratų partija";"1208";"148";"1356";"8,04";"7,62";"Danės";23
"OLEG MARINIČ";"Lietuvos lenkų rinkimų akcija-Krikščioniškų šeimų sąjunga";"712";"38";"750";"4,45";"4,22";"Danės";23
"LINA ŠUKYTĖ";"Partija Tvarka ir teisingumas";"574";"69";"643";"3,81";"3,61";"Danės";23
"RIMVYDAS UŽEMECKAS";"Darbo partija";"315";"43";"358";"2,12";"2,01";"Danės";23
"LAURYNAS ŽEMAITIS";"Lietuvos laisvės sąjunga (liberalai)";"298";"48";"346";"2,05";"1,95";"Danės";23
"VALERIJUS SIMULIK";"Lietuvos valstiečių ir žaliųjų sąjunga";"4618";"411";"5029";"30,89";"28,43";"Saulės";24
"ARVYDAS MOCKUS";"Lietuvos socialdemokratų partija";"3296";"286";"3582";"22,01";"20,25";"Saulės";24
"TOMAS PETREIKIS";"Tėvynės sąjunga - Lietuvos krikščionys demokratai";"2041";"314";"2355";"14,47";"13,31";"Saulės";24
"GIEDRĖ MENDOZA HERRERA";"Lietuvos Respublikos liberalų sąjūdis";"1815";"245";"2060";"12,66";"11,65";"Saulės";24
"ANDRIUS ŠEDŽIUS";"Partija Tvarka ir teisingumas";"956";"123";"1079";"6,63";"6,10";"Saulės";24
"DANGUOLĖ MARTINKIENĖ";"Darbo partija";"752";"178";"930";"5,71";"5,26";"Saulės";24
"JUSTAS SKAUMINAS";"Lietuvos liaudies partija";"297";"23";"320";"1,97";"1,81";"Saulės";24
"VYTAUTAS ŽALYS";"Lietuvos laisvės sąjunga (liberalai)";"270";"39";"309";"1,90";"1,75";"Saulės";24
"ROMUALDAS ČINGA";"Antikorupcinė N. Puteikio ir K. Krivicko koalicija (Lietuvos centro partija, Lietuvos pensininkų partiją)";"255";"32";"287";"1,76";"1,62";"Saulės";24
"BIRUTĖ DILPŠIENĖ";"„Drąsos kelias“ politinė partija";"158";"22";"180";"1,11";"1,02";"Saulės";24
"REDAS JABLONSKIS";"S. Buškevičiaus ir Tautininkų koalicija „Prieš korupciją ir skurdą“ (Partija „Jaunoji Lietuva“, Tautininkų sąjunga)";"132";"15";"147";"0,90";"0,83";"Saulės";24
"STASYS TUMĖNAS";"Lietuvos valstiečių ir žaliųjų sąjunga";"4765";"417";"5182";"31,43";"29,27";"Aušros";25
"EDVARDAS ŽAKARIS";"Lietuvos socialdemokratų partija";"3135";"352";"3487";"21,15";"19,70";"Aušros";25
"VIKTORIJA ČMILYTĖ-NIELSEN";"Lietuvos Respublikos liberalų sąjūdis";"2300";"398";"2698";"16,37";"15,24";"Aušros";25
"MARTYNAS ŠIURKUS";"Tėvynės sąjunga - Lietuvos krikščionys demokratai";"2132";"363";"2495";"15,13";"14,09";"Aušros";25
"VYTAUTAS JUŠKUS";"Antikorupcinė N. Puteikio ir K. Krivicko koalicija (Lietuvos centro partija, Lietuvos pensininkų partiją)";"691";"60";"751";"4,56";"4,24";"Aušros";25
"KAZIMIERAS DURA";"Partija Tvarka ir teisingumas";"502";"51";"553";"3,35";"3,12";"Aušros";25
"ANGELĖ KAVALIAUSKIENĖ";"Darbo partija";"476";"74";"550";"3,34";"3,11";"Aušros";25
"MODESTAS POCIUS";"Lietuvos liaudies partija";"299";"34";"333";"2,02";"1,88";"Aušros";25
"VIDMANTAS ŠIMKUS";"Lietuvos laisvės sąjunga (liberalai)";"244";"42";"286";"1,73";"1,62";"Aušros";25
"MYKOLAS KAČINSKAS";"„Drąsos kelias“ politinė partija";"140";"10";"150";"0,91";"0,85";"Aušros";25
"RADVILĖ MORKŪNAITĖ-MIKULĖNIENĖ";"Tėvynės sąjunga - Lietuvos krikščionys demokratai";"3991";"639";"4630";"28,39";"26,00";"Nevėžio";26
"BRONISLOVAS MATELIS";"Save išsikėlę";"3559";"379";"3938";"24,15";"22,12";"Nevėžio";26
"EGIDIJUS GAIDAMAVIČIUS";"Lietuvos socialdemokratų partija";"2049";"292";"2341";"14,35";"13,15";"Nevėžio";26
"VALDEMARAS JAKŠTAS";"Lietuvos Respublikos liberalų sąjūdis";"1413";"236";"1649";"10,11";"9,26";"Nevėžio";26
"PETRAS NARKEVIČIUS";"Darbo partija";"1001";"121";"1122";"6,88";"6,30";"Nevėžio";26
"VIOLETA GRIGIENĖ";"Lietuvos laisvės sąjunga (liberalai)";"783";"152";"935";"5,73";"5,25";"Nevėžio";26
"PAULIUS BARANAUSKAS";"Partija Tvarka ir teisingumas";"780";"116";"896";"5,49";"5,03";"Nevėžio";26
"VILTANA ŠAKENYTĖ";"Lietuvos liaudies partija";"509";"35";"544";"3,34";"3,06";"Nevėžio";26
"JUOZAS RIBIKAUSKAS";"Lietuvos centro partija";"216";"38";"254";"1,56";"1,43";"Nevėžio";26
"POVILAS URBŠYS";"Save išsikėlę";"8570";"612";"9182";"51,32";"47,95";"Vakarinė";27
"ARVYDAS ANUŠAUSKAS";"Tėvynės sąjunga - Lietuvos krikščionys demokratai";"2779";"462";"3241";"18,11";"16,93";"Vakarinė";27
"DONATAS DEGENIS";"Lietuvos socialdemokratų partija";"1698";"134";"1832";"10,24";"9,57";"Vakarinė";27
"TADAS LABUTIS";"Lietuvos Respublikos liberalų sąjūdis";"1047";"187";"1234";"6,90";"6,44";"Vakarinė";27
"GINTARAS ŠILEIKIS";"Lietuvos laisvės sąjunga (liberalai)";"669";"98";"767";"4,29";"4,01";"Vakarinė";27
"ALFONSAS PETRAUSKAS";"Darbo partija";"679";"57";"736";"4,11";"3,84";"Vakarinė";27
"SIGITAS ČINGA";"Partija Tvarka ir teisingumas";"638";"68";"706";"3,95";"3,69";"Vakarinė";27
"ARTURAS JUŠKAUSKAS";"Antikorupcinė N. Puteikio ir K. Krivicko koalicija (Lietuvos centro partija, Lietuvos pensininkų partiją)";"179";"15";"194";"1,08";"1,01";"Vakarinė";27
"GUODA BUROKIENĖ";"Lietuvos valstiečių ir žaliųjų sąjunga";"4540";"532";"5072";"29,49";"27,55";"Aukštaitijos";28
"RASA JUKNEVIČIENĖ";"Tėvynės sąjunga - Lietuvos krikščionys demokratai";"3990";"648";"4638";"26,96";"25,19";"Aukštaitijos";28
"DOMAS PETRULIS";"Lietuvos socialdemokratų partija";"3283";"381";"3664";"21,30";"19,90";"Aukštaitijos";28
"VYTAUTAS ŽAGŪNIS";"Partija Tvarka ir teisingumas";"1104";"161";"1265";"7,35";"6,87";"Aukštaitijos";28
"DAIVA JUODELIENĖ";"Lietuvos Respublikos liberalų sąjūdis";"871";"174";"1045";"6,08";"5,68";"Aukštaitijos";28
"RIMANTAS TROTA";"Darbo partija";"816";"104";"920";"5,35";"5,00";"Aukštaitijos";28
"GIEDRIUS GATAVECKAS";"Antikorupcinė N. Puteikio ir K. Krivicko koalicija (Lietuvos centro partija, Lietuvos pensininkų partiją)";"278";"39";"317";"1,84";"1,72";"Aukštaitijos";28
"RIMANTAS MAKRICKAS";"Lietuvos laisvės sąjunga (liberalai)";"240";"40";"280";"1,63";"1,52";"Aukštaitijos";28
"DAINIUS GAIŽAUSKAS";"Lietuvos valstiečių ir žaliųjų sąjunga";"5226";"500";"5726";"33,94";"32,36";"Marijampolės";29
"ANDRIUS VYŠNIAUSKAS";"Tėvynės sąjunga - Lietuvos krikščionys demokratai";"2982";"622";"3604";"21,36";"20,37";"Marijampolės";29
"ALBINAS MITRULEVIČIUS";"Lietuvos socialdemokratų partija";"3042";"476";"3518";"20,85";"19,88";"Marijampolės";29
"GEDIMINAS AKELAITIS";"Antikorupcinė N. Puteikio ir K. Krivicko koalicija (Lietuvos centro partija, Lietuvos pensininkų partiją)";"1058";"179";"1237";"7,33";"6,99";"Marijampolės";29
"ALGIS ŽVALIAUSKAS";"Darbo partija";"703";"152";"855";"5,07";"4,83";"Marijampolės";29
"MARIUS ČEPONAS";"Lietuvos Respublikos liberalų sąjūdis";"574";"135";"709";"4,20";"4,01";"Marijampolės";29
"PAULIUS ULECKAS";"Lietuvos laisvės sąjunga (liberalai)";"470";"77";"547";"3,24";"3,09";"Marijampolės";29
"GIEDRIUS ZDANYS";"Partija Tvarka ir teisingumas";"341";"70";"411";"2,44";"2,32";"Marijampolės";29
"EGIDIJUS BALTUŠIS";"Lietuvos liaudies partija";"143";"29";"172";"1,02";"0,97";"Marijampolės";29
"EDMUNDAS LIMANTAS";"„Drąsos kelias“ politinė partija";"71";"23";"94";"0,56";"0,53";"Marijampolės";29
"ROBERTAS ŠARKNICKAS";"Lietuvos valstiečių ir žaliųjų sąjunga";"4402";"281";"4683";"28,89";"27,00";"Alytaus";30
"JULIUS SABATAUSKAS";"Lietuvos socialdemokratų partija";"2696";"266";"2962";"18,27";"17,08";"Alytaus";30
"ANDRIUS JUČAS";"Tėvynės sąjunga - Lietuvos krikščionys demokratai";"2514";"359";"2873";"17,72";"16,56";"Alytaus";30
"KĘSTUTIS DAUKŠYS";"Darbo partija";"1292";"163";"1455";"8,98";"8,39";"Alytaus";30
"NIJOLĖ MAKŠTUTIENĖ";"Lietuvos Respublikos liberalų sąjūdis";"1239";"213";"1452";"8,96";"8,37";"Alytaus";30
"LAURA RADZEVIČIŪTĖ";"Antikorupcinė N. Puteikio ir K. Krivicko koalicija (Lietuvos centro partija, Lietuvos pensininkų partiją)";"817";"186";"1003";"6,19";"5,78";"Alytaus";30
"NIJOLĖ BRUSOKIENĖ";"Lietuvos žaliųjų partija";"677";"80";"757";"4,67";"4,36";"Alytaus";30
"ARTŪRAS GALAKVOŠČIUS";"Partija Tvarka ir teisingumas";"538";"56";"594";"3,66";"3,42";"Alytaus";30
"KĘSTUTIS NĖNIUS";"Lietuvos laisvės sąjunga (liberalai)";"259";"29";"288";"1,78";"1,66";"Alytaus";30
"RAIMUNDAS ČIEGIS";"„Drąsos kelias“ politinė partija";"109";"18";"127";"0,78";"0,73";"Alytaus";30
"PETRAS GRAŽULIS";"Partija Tvarka ir teisingumas";"4833";"875";"5708";"32,01";"30,27";"Gargždų";31
"BRONIUS MARKAUSKAS";"Lietuvos valstiečių ir žaliųjų sąjunga";"3513";"425";"3938";"22,08";"20,89";"Gargždų";31
"EUGENIJUS GENTVILAS";"Lietuvos Respublikos liberalų sąjūdis";"2945";"447";"3392";"19,02";"17,99";"Gargždų";31
"RASA PETRAUSKIENĖ";"Tėvynės sąjunga - Lietuvos krikščionys demokratai";"2356";"412";"2768";"15,52";"14,68";"Gargždų";31
"BENEDIKTAS JUODKA";"Lietuvos socialdemokratų partija";"919";"198";"1117";"6,26";"5,92";"Gargždų";31
"ŽYDRŪNAS BANEVIČIUS";"Antikorupcinė N. Puteikio ir K. Krivicko koalicija (Lietuvos centro partija, Lietuvos pensininkų partiją)";"384";"99";"483";"2,71";"2,56";"Gargždų";31
"LORETA KALTAUSKIENĖ";"Darbo partija";"371";"55";"426";"2,39";"2,26";"Gargždų";31
"ALFREDAS STASYS NAUSĖDA";"Lietuvos valstiečių ir žaliųjų sąjunga";"3203";"444";"3647";"26,21";"24,27";"Šilutės";32
"SANDRA TAMAŠAUSKIENĖ";"Tėvynės sąjunga - Lietuvos krikščionys demokratai";"2244";"417";"2661";"19,13";"17,71";"Šilutės";32
"KĘSTAS KOMSKIS";"Partija Tvarka ir teisingumas";"1956";"349";"2305";"16,57";"15,34";"Šilutės";32
"ARTŪRAS SKARDŽIUS";"Lietuvos socialdemokratų partija";"1667";"271";"1938";"13,93";"12,90";"Šilutės";32
"ALGIRDAS GEČAS";"Lietuvos Respublikos liberalų sąjūdis";"1494";"292";"1786";"12,84";"11,89";"Šilutės";32
"ARVYDAS JAKAS";"Lietuvos laisvės sąjunga (liberalai)";"756";"153";"909";"6,53";"6,05";"Šilutės";32
"ALOYZAS IGNAŠIUS";"Darbo partija";"291";"65";"356";"2,56";"2,37";"Šilutės";32
"RIMANTAS JARUŠKEVIČIUS";"Antikorupcinė N. Puteikio ir K. Krivicko koalicija (Lietuvos centro partija, Lietuvos pensininkų partiją)";"266";"45";"311";"2,24";"2,07";"Šilutės";32
"REMIGIJUS ŽEMAITAITIS";"Partija Tvarka ir teisingumas";"5297";"1124";"6421";"40,49";"38,03";"Pietų Žemaitijos";33
"STASYS ŠEDBARAS";"Tėvynės sąjunga - Lietuvos krikščionys demokratai";"2198";"696";"2894";"18,25";"17,14";"Pietų Žemaitijos";33
"VITALIJA JANKAUSKAITĖ-MILČIUVIENĖ";"Lietuvos valstiečių ir žaliųjų sąjunga";"1861";"260";"2121";"13,37";"12,56";"Pietų Žemaitijos";33
"ALBINAS EŽERSKIS";"Lietuvos socialdemokratų partija";"1666";"379";"2045";"12,89";"12,11";"Pietų Žemaitijos";33
"ALGIMANTAS OLENDRA";"Lietuvos laisvės sąjunga (liberalai)";"821";"177";"998";"6,29";"5,91";"Pietų Žemaitijos";33
"GEDIMINAS VAGNORIUS";"Darbo partija";"476";"138";"614";"3,87";"3,64";"Pietų Žemaitijos";33
"ROLANDAS BAGDONAS";"Lietuvos Respublikos liberalų sąjūdis";"407";"142";"549";"3,46";"3,25";"Pietų Žemaitijos";33
"VALERIJUS ŠABRAUSKAS";"Antikorupcinė N. Puteikio ir K. Krivicko koalicija (Lietuvos centro partija, Lietuvos pensininkų partiją)";"162";"56";"218";"1,37";"1,29";"Pietų Žemaitijos";33
"DARIUS PETROŠIUS";"Lietuvos socialdemokratų partija";"5148";"1032";"6180";"37,45";"35,06";"Tauragės";34
"AUŠRINĖ NORKIENĖ";"Lietuvos valstiečių ir žaliųjų sąjunga";"3122";"504";"3626";"21,97";"20,57";"Tauragės";34
"DARIUS STANKUS";"Lietuvos Respublikos liberalų sąjūdis";"2122";"396";"2518";"15,26";"14,29";"Tauragės";34
"KRISTIJONAS PALIUTIS";"Tėvynės sąjunga - Lietuvos krikščionys demokratai";"1861";"468";"2329";"14,11";"13,21";"Tauragės";34
"SILVERIJUS STATKUS";"Partija Tvarka ir teisingumas";"711";"148";"859";"5,21";"4,87";"Tauragės";34
"VAIDOTAS GLOBYS";"Darbo partija";"337";"90";"427";"2,59";"2,42";"Tauragės";34
"RASA ANDRIUŠIENĖ";"Lietuvos liaudies partija";"226";"81";"307";"1,86";"1,74";"Tauragės";34
"DONATAS JANČARAS";"Antikorupcinė N. Puteikio ir K. Krivicko koalicija (Lietuvos centro partija, Lietuvos pensininkų partiją)";"209";"47";"256";"1,55";"1,45";"Tauragės";34
"JONAS VARKALYS";"Lietuvos Respublikos liberalų sąjūdis";"3270";"476";"3746";"25,77";"24,29";"Plungės";35
"JURGIS RAZMA";"Tėvynės sąjunga - Lietuvos krikščionys demokratai";"3041";"697";"3738";"25,72";"24,24";"Plungės";35
"ANDRIEJUS STANČIKAS";"Lietuvos valstiečių ir žaliųjų sąjunga";"3227";"411";"3638";"25,03";"23,59";"Plungės";35
"RIMANTAS VAITKUS";"Lietuvos socialdemokratų partija";"1204";"202";"1406";"9,67";"9,12";"Plungės";35
"MINDAUGAS JURČIUS";"Darbo partija";"628";"109";"737";"5,07";"4,78";"Plungės";35
"ALVYDAS MOCKUS";"Partija Tvarka ir teisingumas";"571";"110";"681";"4,69";"4,42";"Plungės";35
"SANDRA VIČIENĖ";"Lietuvos laisvės sąjunga (liberalai)";"530";"58";"588";"4,05";"3,81";"Plungės";35
"ANTANAS VINKUS";"Lietuvos socialdemokratų partija";"3611";"652";"4263";"28,04";"26,17";"Kretingos-Palangos";36
"VAIDOTAS BACEVIČIUS";"Tėvynės sąjunga - Lietuvos krikščionys demokratai";"2867";"581";"3448";"22,68";"21,17";"Kretingos-Palangos";36
"ARŪNAS MERKELIS";"Lietuvos valstiečių ir žaliųjų sąjunga";"2264";"283";"2547";"16,75";"15,63";"Kretingos-Palangos";36
"JOLITA VAICKIENĖ";"Lietuvos Respublikos liberalų sąjūdis";"1752";"287";"2039";"13,41";"12,52";"Kretingos-Palangos";36
"NERIJUS STASIULIS";"Antikorupcinė N. Puteikio ir K. Krivicko koalicija (Lietuvos centro partija, Lietuvos pensininkų partiją)";"1239";"183";"1422";"9,35";"8,73";"Kretingos-Palangos";36
"VYTAUTAS ROČYS";"Darbo partija";"705";"99";"804";"5,29";"4,94";"Kretingos-Palangos";36
"EDGARAS BERNOTAS";"Partija Tvarka ir teisingumas";"394";"74";"468";"3,08";"2,87";"Kretingos-Palangos";36
"JANĖ NARVILIENĖ";"Lietuvos laisvės sąjunga (liberalai)";"175";"38";"213";"1,40";"1,31";"Kretingos-Palangos";36
"GEDIMINAS ANUŽIS";"Tėvynės sąjunga - Lietuvos krikščionys demokratai";"2455";"729";"3184";"23,72";"22,01";"Kuršo";37
"LEVUTĖ STANIUVIENĖ";"Lietuvos valstiečių ir žaliųjų sąjunga";"2272";"452";"2724";"20,30";"18,83";"Kuršo";37
"AIVARAS DAUKANTAS";"Save išsikėlę";"1987";"303";"2290";"17,06";"15,83";"Kuršo";37
"AUDRONĖ PITRĖNIENĖ";"Darbo partija";"1571";"397";"1968";"14,66";"13,61";"Kuršo";37
"DANUTĖ SKRUIBIENĖ";"Lietuvos Respublikos liberalų sąjūdis";"1156";"335";"1491";"11,11";"10,31";"Kuršo";37
"EGIDIJUS SKARBALIUS";"Partija Tvarka ir teisingumas";"1165";"233";"1398";"10,42";"9,66";"Kuršo";37
"JONAS JUKNIUS";"Antikorupcinė N. Puteikio ir K. Krivicko koalicija (Lietuvos centro partija, Lietuvos pensininkų partiją)";"303";"69";"372";"2,77";"2,57";"Kuršo";37
"KĘSTUTIS BARTKEVIČIUS";"Partija Tvarka ir teisingumas";"3490";"330";"3820";"27,14";"25,51";"Mažeikių";38
"LINA RIMKIENĖ";"Tėvynės sąjunga - Lietuvos krikščionys demokratai";"3350";"463";"3813";"27,09";"25,47";"Mažeikių";38
"EIMANTAS SALATKA";"Lietuvos valstiečių ir žaliųjų sąjunga";"2754";"221";"2975";"21,13";"19,87";"Mažeikių";38
"IRENA MACIJAUSKIENĖ";"Lietuvos socialdemokratų partija";"1560";"201";"1761";"12,51";"11,76";"Mažeikių";38
"VIRGILIJUS EIDIMTAS";"Lietuvos Respublikos liberalų sąjūdis";"596";"149";"745";"5,29";"4,98";"Mažeikių";38
"IRUTĖ GEDUTIENĖ";"Antikorupcinė N. Puteikio ir K. Krivicko koalicija (Lietuvos centro partija, Lietuvos pensininkų partiją)";"447";"43";"490";"3,48";"3,27";"Mažeikių";38
"LAIMUTĖ KAČERAUSKIENĖ";"Darbo partija";"434";"39";"473";"3,36";"3,16";"Mažeikių";38
"VALIUS ĄŽUOLAS";"Lietuvos valstiečių ir žaliųjų sąjunga";"3524";"572";"4096";"27,75";"25,89";"Akmenės-Mažeikių";39
"TOMAS MARTINAITIS";"Lietuvos socialdemokratų partija";"3032";"554";"3586";"24,29";"22,66";"Akmenės-Mažeikių";39
"SAULIUS BUCEVIČIUS";"Lietuvos Respublikos liberalų sąjūdis";"2229";"501";"2730";"18,49";"17,25";"Akmenės-Mažeikių";39
"DARIUS EREMINAS";"Tėvynės sąjunga - Lietuvos krikščionys demokratai";"1125";"343";"1468";"9,94";"9,28";"Akmenės-Mažeikių";39
"VIDMANTAS MACEVIČIUS";"Partija Tvarka ir teisingumas";"867";"173";"1040";"7,04";"6,57";"Akmenės-Mažeikių";39
"ARVYDAS JUCIUS";"Darbo partija";"627";"129";"756";"5,12";"4,78";"Akmenės-Mažeikių";39
"VITALIJUS BALTUTIS";"Antikorupcinė N. Puteikio ir K. Krivicko koalicija (Lietuvos centro partija, Lietuvos pensininkų partiją)";"545";"86";"631";"4,27";"3,99";"Akmenės-Mažeikių";39
"VITALIJA ŠIMKIENĖ";"Lietuvos laisvės sąjunga (liberalai)";"250";"72";"322";"2,18";"2,04";"Akmenės-Mažeikių";39
"VAIDAS SĖLENIS";"„Drąsos kelias“ politinė partija";"109";"25";"134";"0,91";"0,85";"Akmenės-Mažeikių";39
"VALENTINAS BUKAUSKAS";"Darbo partija";"4679";"824";"5503";"32,22";"30,65";"Telšių";40
"KAROLIS MARTINKUS";"Lietuvos valstiečių ir žaliųjų sąjunga";"1873";"355";"2228";"13,04";"12,41";"Telšių";40
"RIMANTĖ ŠALAŠEVIČIŪTĖ";"Lietuvos socialdemokratų partija";"1489";"346";"1835";"10,74";"10,22";"Telšių";40
"KĘSTUTIS TREČIOKAS";"Partija Tvarka ir teisingumas";"1482";"302";"1784";"10,44";"9,94";"Telšių";40
"ALGIRDAS BACEVIČIUS";"Antikorupcinė N. Puteikio ir K. Krivicko koalicija (Lietuvos centro partija, Lietuvos pensininkų partiją)";"1462";"159";"1621";"9,49";"9,03";"Telšių";40
"MINDAUGAS SABALIAUSKAS";"Lietuvos Respublikos liberalų sąjūdis";"1114";"241";"1355";"7,93";"7,55";"Telšių";40
"ALFREDA TAMOŠEVIČIENĖ";"Tėvynės sąjunga - Lietuvos krikščionys demokratai";"918";"271";"1189";"6,96";"6,62";"Telšių";40
"LAIMONAS JAKAS";"Lietuvos laisvės sąjunga (liberalai)";"716";"172";"888";"5,20";"4,95";"Telšių";40
"ASTA ANTANAVIČIUTĖ";"Politinė partija „Lietuvos sąrašas“";"578";"101";"679";"3,97";"3,78";"Telšių";40
"JUOZAS RIMKUS";"Lietuvos valstiečių ir žaliųjų sąjunga";"4588";"896";"5484";"37,11";"34,69";"Kelmės-Šiaulių";41
"ALMA MONKAUSKAITĖ";"Lietuvos socialdemokratų partija";"2870";"785";"3655";"24,73";"23,12";"Kelmės-Šiaulių";41
"TEISUTIS MAJAUSKAS";"Lietuvos Respublikos liberalų sąjūdis";"1094";"228";"1322";"8,95";"8,36";"Kelmės-Šiaulių";41
"ANDRIUS TUČKUS";"Tėvynės sąjunga - Lietuvos krikščionys demokratai";"989";"249";"1238";"8,38";"7,83";"Kelmės-Šiaulių";41
"KĘSTUTIS BILIUS";"Lietuvos laisvės sąjunga (liberalai)";"867";"231";"1098";"7,43";"6,94";"Kelmės-Šiaulių";41
"VINCAS METRIKIS";"Partija Tvarka ir teisingumas";"480";"137";"617";"4,17";"3,90";"Kelmės-Šiaulių";41
"MARIJUS VELIČKA";"Darbo partija";"374";"119";"493";"3,34";"3,12";"Kelmės-Šiaulių";41
"ANTANAS BUTKUS";"Lietuvos centro partija";"200";"65";"265";"1,79";"1,68";"Kelmės-Šiaulių";41
"MANTAS ZATURSKIS";"Lietuvos liaudies partija";"187";"45";"232";"1,57";"1,47";"Kelmės-Šiaulių";41
"MARIJUS ČEKAVIČIUS";"S. Buškevičiaus ir Tautininkų koalicija „Prieš korupciją ir skurdą“ (Partija „Jaunoji Lietuva“, Tautininkų sąjunga)";"157";"58";"215";"1,45";"1,36";"Kelmės-Šiaulių";41
"LAIMUTĖ BURBIENĖ";"Lietuvos lenkų rinkimų akcija-Krikščioniškų šeimų sąjunga";"97";"63";"160";"1,08";"1,01";"Kelmės-Šiaulių";41
"EDMUNDAS JONYLA";"Lietuvos socialdemokratų partija";"2979";"847";"3826";"19,73";"18,36";"Raseinių-Kėdainių";42
"ARVYDAS NEKROŠIUS";"Lietuvos valstiečių ir žaliųjų sąjunga";"2841";"481";"3322";"17,13";"15,94";"Raseinių-Kėdainių";42
"ANDRIUS BAUTRONIS";"Tėvynės sąjunga - Lietuvos krikščionys demokratai";"2483";"672";"3155";"16,27";"15,14";"Raseinių-Kėdainių";42
"REMIGIJUS AČAS";"Save išsikėlę";"2491";"584";"3075";"15,86";"14,76";"Raseinių-Kėdainių";42
"DARIUS ULICKAS";"Darbo partija";"2316";"581";"2897";"14,94";"13,90";"Raseinių-Kėdainių";42
"VIDMANTAS KARABINAS";"Partija Tvarka ir teisingumas";"1105";"259";"1364";"7,03";"6,55";"Raseinių-Kėdainių";42
"RAMŪNAS MACIUKEVIČIUS";"Lietuvos Respublikos liberalų sąjūdis";"771";"143";"914";"4,71";"4,39";"Raseinių-Kėdainių";42
"GINTARAS JAZDAUSKAS";"Lietuvos liaudies partija";"427";"98";"525";"2,71";"2,52";"Raseinių-Kėdainių";42
"AUDRIUS KUBILIŪNAS";"Lietuvos centro partija";"128";"49";"177";"0,91";"0,85";"Raseinių-Kėdainių";42
"RENATAS GUDZEVIČIUS";"„Drąsos kelias“ politinė partija";"107";"31";"138";"0,71";"0,66";"Raseinių-Kėdainių";42
"VIRGINIJA BALTRAITIENĖ";"Darbo partija";"4034";"901";"4935";"27,27";"25,49";"Kėdainių";43
"DARIUS KAMINSKAS";"Save išsikėlę";"3355";"586";"3941";"21,78";"20,35";"Kėdainių";43
"ANDRIUS NAVICKAS";"Tėvynės sąjunga - Lietuvos krikščionys demokratai";"2044";"477";"2521";"13,93";"13,02";"Kėdainių";43
"DARIUS PETRAUSKAS";"Lietuvos valstiečių ir žaliųjų sąjunga";"2114";"369";"2483";"13,72";"12,82";"Kėdainių";43
"SAULIUS SINICKIS";"Lietuvos Respublikos liberalų sąjūdis";"1480";"264";"1744";"9,64";"9,01";"Kėdainių";43
"JUSTAS PANKAUSKAS";"Lietuvos socialdemokratų partija";"1426";"233";"1659";"9,17";"8,57";"Kėdainių";43
"JURGITA SADAUSKAITĖ";"Partija Tvarka ir teisingumas";"363";"94";"457";"2,53";"2,36";"Kėdainių";43
"ARNOLDAS IVANAUSKAS";"Antikorupcinė N. Puteikio ir K. Krivicko koalicija (Lietuvos centro partija, Lietuvos pensininkų partiją)";"290";"66";"356";"1,97";"1,84";"Kėdainių";43
"AURIMAS GAIDŽIŪNAS";"Lietuvos valstiečių ir žaliųjų sąjunga";"2485";"466";"2951";"19,24";"18,06";"Radviliškio";44
"VYTAUTAS JUOZAPAITIS";"Tėvynės sąjunga - Lietuvos krikščionys demokratai";"2078";"694";"2772";"18,08";"16,96";"Radviliškio";44
"ALGIMANTAS SALAMAKINAS";"Lietuvos socialdemokratų partija";"2163";"393";"2556";"16,67";"15,64";"Radviliškio";44
"MINDAUGAS PAULIUKAS";"Save išsikėlę";"2026";"290";"2316";"15,10";"14,17";"Radviliškio";44
"GEDIMINAS LIPNEVIČIUS";"Save išsikėlę";"1173";"188";"1361";"8,88";"8,33";"Radviliškio";44
"ZITA ŽVIKIENĖ";"Darbo partija";"773";"170";"943";"6,15";"5,77";"Radviliškio";44
"AUDRONĖ BERESNEVIČIENĖ";"Partija Tvarka ir teisingumas";"607";"119";"726";"4,73";"4,44";"Radviliškio";44
"MANTAS REUTAS";"Lietuvos Respublikos liberalų sąjūdis";"521";"89";"610";"3,98";"3,73";"Radviliškio";44
"LAIMUTĖ ŠLAMIENĖ";"Save išsikėlę";"480";"125";"605";"3,95";"3,70";"Radviliškio";44
"ANGELĖ AMBRAZIENĖ";"Lietuvos liaudies partija";"249";"64";"313";"2,04";"1,92";"Radviliškio";44
"LIUDAS VEDECKIS";"Antikorupcinė N. Puteikio ir K. Krivicko koalicija (Lietuvos centro partija, Lietuvos pensininkų partiją)";"151";"31";"182";"1,19";"1,11";"Radviliškio";44
"RIMA BAŠKIENĖ";"Lietuvos valstiečių ir žaliųjų sąjunga";"8287";"773";"9060";"51,58";"47,68";"Kuršėnų-Dainų";45
"GINTAUTAS SITNIKAS";"Lietuvos socialdemokratų partija";"2110";"165";"2275";"12,95";"11,97";"Kuršėnų-Dainų";45
"GIEDRĖ ČEPAITIENĖ";"Tėvynės sąjunga - Lietuvos krikščionys demokratai";"1744";"250";"1994";"11,35";"10,49";"Kuršėnų-Dainų";45
"REGINA RUPŠIENĖ";"Lietuvos Respublikos liberalų sąjūdis";"1311";"173";"1484";"8,45";"7,81";"Kuršėnų-Dainų";45
"INGRIDA VENCIUVIENĖ";"Darbo partija";"634";"88";"722";"4,11";"3,80";"Kuršėnų-Dainų";45
"GEDIMINAS BERŽINIS BERŽINSKAS";"Antikorupcinė N. Puteikio ir K. Krivicko koalicija (Lietuvos centro partija, Lietuvos pensininkų partiją)";"612";"51";"663";"3,77";"3,49";"Kuršėnų-Dainų";45
"JŪRATĖ ŠIVICKIENĖ";"Partija Tvarka ir teisingumas";"611";"47";"658";"3,75";"3,46";"Kuršėnų-Dainų";45
"TOMAS KARČAUSKAS";"Lietuvos laisvės sąjunga (liberalai)";"324";"34";"358";"2,04";"1,88";"Kuršėnų-Dainų";45
"ARTŪRAS ŠIDLAUSKAS";"Lietuvos liaudies partija";"323";"28";"351";"2,00";"1,85";"Kuršėnų-Dainų";45
"VITALIJUS GAILIUS";"Lietuvos Respublikos liberalų sąjūdis";"5854";"1392";"7246";"41,87";"39,51";"Žiemgalos";46
"ARŪNAS GUMULIAUSKAS";"Lietuvos valstiečių ir žaliųjų sąjunga";"3300";"595";"3895";"22,50";"21,24";"Žiemgalos";46
"VAIDA ALEKNAVIČIENĖ";"Lietuvos socialdemokratų partija";"2135";"542";"2677";"15,47";"14,60";"Žiemgalos";46
"JULIUS DAUTARTAS";"Tėvynės sąjunga - Lietuvos krikščionys demokratai";"840";"268";"1108";"6,40";"6,04";"Žiemgalos";46
"EDITA RUDIENĖ";"Partija Tvarka ir teisingumas";"647";"208";"855";"4,94";"4,66";"Žiemgalos";46
"KĘSTUTIS MAČIULIS";"Darbo partija";"603";"232";"835";"4,82";"4,55";"Žiemgalos";46
"BENJAMINAS RIMDŽIUS";"Lietuvos laisvės sąjunga (liberalai)";"358";"91";"449";"2,59";"2,45";"Žiemgalos";46
"DARIUS TAMULIONIS";"Antikorupcinė N. Puteikio ir K. Krivicko koalicija (Lietuvos centro partija, Lietuvos pensininkų partiją)";"205";"38";"243";"1,40";"1,32";"Žiemgalos";46
"ANTANAS MATULAS";"Tėvynės sąjunga - Lietuvos krikščionys demokratai";"3852";"1126";"4978";"28,97";"27,56";"Pasvalio-Pakruojo";47
"SAULIUS MARGIS";"Lietuvos socialdemokratų partija";"2694";"738";"3432";"19,98";"19,00";"Pasvalio-Pakruojo";47
"NERINGA TRINSKIENĖ";"Lietuvos valstiečių ir žaliųjų sąjunga";"2856";"547";"3403";"19,81";"18,84";"Pasvalio-Pakruojo";47
"MODESTAS BARAUSKAS";"Save išsikėlę";"1782";"271";"2053";"11,95";"11,37";"Pasvalio-Pakruojo";47
"NIJOLĖ MATULIENĖ";"Lietuvos Respublikos liberalų sąjūdis";"877";"395";"1272";"7,40";"7,04";"Pasvalio-Pakruojo";47
"STASYS VAINAUSKAS";"Partija Tvarka ir teisingumas";"509";"133";"642";"3,74";"3,55";"Pasvalio-Pakruojo";47
"VYTAUTAS LIEPA";"Darbo partija";"399";"140";"539";"3,14";"2,98";"Pasvalio-Pakruojo";47
"ĄŽUOLAS JUOZAS ALEKSIŪNAS";"Antikorupcinė N. Puteikio ir K. Krivicko koalicija (Lietuvos centro partija, Lietuvos pensininkų partiją)";"322";"64";"386";"2,25";"2,14";"Pasvalio-Pakruojo";47
"RŪTA SAUSIENĖ";"Lietuvos laisvės sąjunga (liberalai)";"280";"77";"357";"2,08";"1,98";"Pasvalio-Pakruojo";47
"EUGENIJUS DEGUTIS";"S. Buškevičiaus ir Tautininkų koalicija „Prieš korupciją ir skurdą“ (Partija „Jaunoji Lietuva“, Tautininkų sąjunga)";"88";"31";"119";"0,69";"0,66";"Pasvalio-Pakruojo";47
"ALEKSANDRAS ZELTINIS";"Lietuvos socialdemokratų partija";"2668";"844";"3512";"20,18";"19,27";"Biržų-Kupiškio";48
"AUDRYS ŠIMAS";"Lietuvos valstiečių ir žaliųjų sąjunga";"2645";"637";"3282";"18,86";"18,01";"Biržų-Kupiškio";48
"RITAS VAIGINAS";"Darbo partija";"2557";"592";"3149";"18,09";"17,28";"Biržų-Kupiškio";48
"LEONIDAS SOLOGUBOVAS";"Lietuvos Respublikos liberalų sąjūdis";"2254";"830";"3084";"17,72";"16,92";"Biržų-Kupiškio";48
"IRUTĖ VARZIENĖ";"Tėvynės sąjunga - Lietuvos krikščionys demokratai";"1913";"621";"2534";"14,56";"13,90";"Biržų-Kupiškio";48
"VILIJA MORKŪNAITĖ";"Politinė partija „Lietuvos sąrašas“";"510";"139";"649";"3,73";"3,56";"Biržų-Kupiškio";48
"TADAS BARTKUS";"Partija Tvarka ir teisingumas";"339";"108";"447";"2,57";"2,45";"Biržų-Kupiškio";48
"SKIRMANTĖ GRICIŪNIENĖ";"Lietuvos laisvės sąjunga (liberalai)";"317";"92";"409";"2,35";"2,24";"Biržų-Kupiškio";48
"DANGIRDAS MIKŠYS";"Lietuvos liaudies partija";"259";"59";"318";"1,83";"1,74";"Biržų-Kupiškio";48
"GRETA KILDIŠIENĖ";"Lietuvos valstiečių ir žaliųjų sąjunga";"3383";"610";"3993";"26,31";"24,29";"Anykščių-Panevėžio";49
"SERGEJUS JOVAIŠA";"Tėvynės sąjunga - Lietuvos krikščionys demokratai";"3002";"882";"3884";"25,59";"23,62";"Anykščių-Panevėžio";49
"LUKAS PAKELTIS";"Lietuvos Respublikos liberalų sąjūdis";"2337";"505";"2842";"18,73";"17,29";"Anykščių-Panevėžio";49
"AUKSĖ KONTRIMIENĖ";"Lietuvos socialdemokratų partija";"1615";"406";"2021";"13,32";"12,29";"Anykščių-Panevėžio";49
"RIČARDAS SARGŪNAS";"Darbo partija";"1062";"386";"1448";"9,54";"8,81";"Anykščių-Panevėžio";49
"ALGIRDAS GANSINIAUSKAS";"Lietuvos laisvės sąjunga (liberalai)";"431";"147";"578";"3,81";"3,52";"Anykščių-Panevėžio";49
"HENRIKAS MACKELA";"Partija Tvarka ir teisingumas";"310";"101";"411";"2,71";"2,50";"Anykščių-Panevėžio";49
"VYTAUTAS SAULIS";"Lietuvos socialdemokratų partija";"2828";"603";"3431";"21,43";"20,44";"Sėlos";50
"RAIMUNDAS MARTINĖLIS";"Save išsikėlę";"2652";"520";"3172";"19,81";"18,89";"Sėlos";50
"ALGIS KAZULĖNAS";"Tėvynės sąjunga - Lietuvos krikščionys demokratai";"1917";"656";"2573";"16,07";"15,33";"Sėlos";50
"JONAS JARUTIS";"Lietuvos valstiečių ir žaliųjų sąjunga";"2092";"441";"2533";"15,82";"15,09";"Sėlos";50
"VIDMANTAS MAŽELIS";"Darbo partija";"1794";"371";"2165";"13,52";"12,90";"Sėlos";50
"JOLANTA PAUKŠTIENĖ";"Lietuvos laisvės sąjunga (liberalai)";"838";"237";"1075";"6,71";"6,40";"Sėlos";50
"LINAS JUOZĖNAS";"Lietuvos Respublikos liberalų sąjūdis";"416";"168";"584";"3,65";"3,48";"Sėlos";50
"VIKTORAS JENCIUS";"Antikorupcinė N. Puteikio ir K. Krivicko koalicija (Lietuvos centro partija, Lietuvos pensininkų partiją)";"400";"77";"477";"2,98";"2,84";"Sėlos";50
"EDMUNDAS PUPINIS";"Tėvynės sąjunga - Lietuvos krikščionys demokratai";"4157";"839";"4996";"27,52";"26,02";"Utenos";51
"MILDA PETRAUSKIENĖ";"Lietuvos socialdemokratų partija";"3818";"758";"4576";"25,20";"23,83";"Utenos";51
"BIRUTĖ JATAUTAITĖ";"Lietuvos valstiečių ir žaliųjų sąjunga";"2408";"367";"2775";"15,28";"14,45";"Utenos";51
"MARIJUS KAUKĖNAS";"Lietuvos Respublikos liberalų sąjūdis";"2291";"370";"2661";"14,66";"13,86";"Utenos";51
"SIGITAS MECELICA";"Lietuvos žaliųjų partija";"1479";"188";"1667";"9,18";"8,68";"Utenos";51
"OSVALDAS KATINAS";"Partija Tvarka ir teisingumas";"786";"176";"962";"5,30";"5,01";"Utenos";51
"VYTAUTAS ČEPUKAS";"Darbo partija";"425";"95";"520";"2,86";"2,71";"Utenos";51
"ALGIMANTAS DUMBRAVA";"Partija Tvarka ir teisingumas";"4364";"771";"5135";"39,96";"38,42";"Visagino-Zarasų";52
"OLGA PODOLSKIENĖ";"Darbo partija";"1046";"413";"1459";"11,35";"10,92";"Visagino-Zarasų";52
"VITALIUS BESAKIRSKAS";"Lietuvos valstiečių ir žaliųjų sąjunga";"1120";"293";"1413";"11,00";"10,57";"Visagino-Zarasų";52
"ROKAS ŽILINSKAS";"Tėvynės sąjunga - Lietuvos krikščionys demokratai";"876";"294";"1170";"9,10";"8,75";"Visagino-Zarasų";52
"ALGIRDAS RASLANAS";"Lietuvos socialdemokratų partija";"845";"270";"1115";"8,68";"8,34";"Visagino-Zarasų";52
"DAIVA KELEČIENĖ";"Lietuvos laisvės sąjunga (liberalai)";"856";"242";"1098";"8,54";"8,22";"Visagino-Zarasų";52
"GEDAS KUKANAUSKAS";"Lietuvos Respublikos liberalų sąjūdis";"460";"174";"634";"4,93";"4,74";"Visagino-Zarasų";52
"DMITRIJ IKONIKOV";"Lietuvos lenkų rinkimų akcija-Krikščioniškų šeimų sąjunga";"508";"74";"582";"4,53";"4,35";"Visagino-Zarasų";52
"GĖLSINA CHAMATOVA";"„Drąsos kelias“ politinė partija";"145";"24";"169";"1,32";"1,26";"Visagino-Zarasų";52
"ALGIRDAS VAIDOTAS";"Antikorupcinė N. Puteikio ir K. Krivicko koalicija (Lietuvos centro partija, Lietuvos pensininkų partiją)";"51";"25";"76";"0,59";"0,57";"Visagino-Zarasų";52
"GINTAUTAS KINDURYS";"Lietuvos valstiečių ir žaliųjų sąjunga";"3900";"1381";"5281";"29,54";"27,90";"Nalšios";53
"VYTAUTAS VAITKEVIČIUS";"Lietuvos laisvės sąjunga (liberalai)";"2042";"588";"2630";"14,71";"13,90";"Nalšios";53
"ŠARŪNAS BIRUTIS";"Darbo partija";"1921";"656";"2577";"14,41";"13,62";"Nalšios";53
"LINA KUJALYTĖ";"Lietuvos socialdemokratų partija";"1458";"497";"1955";"10,94";"10,33";"Nalšios";53
"ZBIGNEV JEDINSKIJ";"Lietuvos lenkų rinkimų akcija-Krikščioniškų šeimų sąjunga";"1436";"459";"1895";"10,60";"10,01";"Nalšios";53
"SAULIUS ŠILINIS";"Tėvynės sąjunga - Lietuvos krikščionys demokratai";"1458";"433";"1891";"10,58";"9,99";"Nalšios";53
"KĘSTUTIS SAVICKAS";"Lietuvos Respublikos liberalų sąjūdis";"529";"177";"706";"3,95";"3,73";"Nalšios";53
"ASTA LAŠINSKIENĖ";"Partija Tvarka ir teisingumas";"491";"185";"676";"3,78";"3,57";"Nalšios";53
"VITALIJ MUCHLIADO";"Lietuvos liaudies partija";"109";"40";"149";"0,83";"0,79";"Nalšios";53
"SVETLANA JURGELAITIENĖ";"Lietuvos centro partija";"71";"47";"118";"0,66";"0,62";"Nalšios";53
"PETRAS ČIMBARAS";"Darbo partija";"3219";"965";"4184";"26,94";"25,32";"Molėtų-Širvintų";54
"VALENTINAS STUNDYS";"Tėvynės sąjunga - Lietuvos krikščionys demokratai";"2888";"979";"3867";"24,90";"23,40";"Molėtų-Širvintų";54
"LINAS JONAUSKAS";"Lietuvos socialdemokratų partija";"1992";"405";"2397";"15,44";"14,51";"Molėtų-Širvintų";54
"MINDAUGAS ČIRBA";"Lietuvos žaliųjų partija";"1420";"320";"1740";"11,20";"10,53";"Molėtų-Širvintų";54
"KAROLIS BALČIŪNAS";"Lietuvos Respublikos liberalų sąjūdis";"1090";"205";"1295";"8,34";"7,84";"Molėtų-Širvintų";54
"RASA TAMOŠIŪNIENĖ";"Lietuvos lenkų rinkimų akcija-Krikščioniškų šeimų sąjunga";"484";"146";"630";"4,06";"3,81";"Molėtų-Širvintų";54
"LAIMA MEŠKAUSKIENĖ";"Antikorupcinė N. Puteikio ir K. Krivicko koalicija (Lietuvos centro partija, Lietuvos pensininkų partiją)";"445";"94";"539";"3,47";"3,26";"Molėtų-Širvintų";54
"AUDRIUS ILGEVIČIUS";"Lietuvos laisvės sąjunga (liberalai)";"413";"108";"521";"3,36";"3,15";"Molėtų-Širvintų";54
"ALGIRDAS CEGELIS";"Partija Tvarka ir teisingumas";"265";"91";"356";"2,29";"2,15";"Molėtų-Širvintų";54
"RITA TAMAŠUNIENĖ";"Lietuvos lenkų rinkimų akcija-Krikščioniškų šeimų sąjunga";"7195";"1935";"9130";"46,06";"44,14";"Nemenčinės";55
"VAIDAS ŠALAŠEVIČIUS";"Tėvynės sąjunga - Lietuvos krikščionys demokratai";"3568";"274";"3842";"19,38";"18,57";"Nemenčinės";55
"ALGIMANTAS BIRBILAS";"Lietuvos valstiečių ir žaliųjų sąjunga";"1769";"125";"1894";"9,56";"9,16";"Nemenčinės";55
"PETRAS JURGILAS";"Lietuvos Respublikos liberalų sąjūdis";"1642";"118";"1760";"8,88";"8,51";"Nemenčinės";55
"ZDISLAVAS SKVARCIANY";"Lietuvos socialdemokratų partija";"898";"81";"979";"4,94";"4,73";"Nemenčinės";55
"ALBERT GAIDAMOVIČ";"Darbo partija";"726";"103";"829";"4,18";"4,01";"Nemenčinės";55
"KĘSTUTIS VILNIŠKIS";"Partija Tvarka ir teisingumas";"551";"64";"615";"3,10";"2,97";"Nemenčinės";55
"VALERIANAS KIJEVIČIUS";"Lietuvos žaliųjų partija";"545";"48";"593";"2,99";"2,87";"Nemenčinės";55
"TADEUŠ POLITO";"Antikorupcinė N. Puteikio ir K. Krivicko koalicija (Lietuvos centro partija, Lietuvos pensininkų partiją)";"151";"27";"178";"0,90";"0,86";"Nemenčinės";55
"LEONARD TALMONT";"Lietuvos lenkų rinkimų akcija-Krikščioniškų šeimų sąjunga";"9035";"2621";"11656";"67,86";"64,43";"Šalčininkų-Vilniaus";56
"ALICIJA ŠČERBAITĖ";"Darbo partija";"1054";"153";"1207";"7,03";"6,67";"Šalčininkų-Vilniaus";56
"ANDRIUS KUBILIUS";"Tėvynės sąjunga - Lietuvos krikščionys demokratai";"821";"146";"967";"5,63";"5,35";"Šalčininkų-Vilniaus";56
"RENAT BRALKOVSKIJ";"Partija Tvarka ir teisingumas";"638";"90";"728";"4,24";"4,02";"Šalčininkų-Vilniaus";56
"AGNĖ ŠIRINSKIENĖ";"Lietuvos valstiečių ir žaliųjų sąjunga";"636";"85";"721";"4,20";"3,99";"Šalčininkų-Vilniaus";56
"EDITA MACKEVIČ";"Lietuvos Respublikos liberalų sąjūdis";"611";"106";"717";"4,17";"3,96";"Šalčininkų-Vilniaus";56
"SERGEJUS TICHOMIROVAS";"Lietuvos socialdemokratų partija";"552";"81";"633";"3,69";"3,50";"Šalčininkų-Vilniaus";56
"NIKOLAJ VOINOV";"Antikorupcinė N. Puteikio ir K. Krivicko koalicija (Lietuvos centro partija, Lietuvos pensininkų partiją)";"502";"45";"547";"3,18";"3,02";"Šalčininkų-Vilniaus";56
"ČESLAV OLŠEVSKI";"Lietuvos lenkų rinkimų akcija-Krikščioniškų šeimų sąjunga";"8448";"2380";"10828";"60,19";"57,31";"Medininkų";57
"GEDIMINAS KAZĖNAS";"Tėvynės sąjunga - Lietuvos krikščionys demokratai";"1457";"141";"1598";"8,88";"8,46";"Medininkų";57
"ALGIS VAITKEVIČIUS";"Lietuvos socialdemokratų partija";"1195";"111";"1306";"7,26";"6,91";"Medininkų";57
"KRISTYNA BORTKO";"Darbo partija";"1102";"109";"1211";"6,73";"6,41";"Medininkų";57
"ALEKSANDRA MINAJEVA";"Lietuvos valstiečių ir žaliųjų sąjunga";"1037";"74";"1111";"6,18";"5,88";"Medininkų";57
"FRANC JAKUBOVSKIJ";"Partija Tvarka ir teisingumas";"840";"71";"911";"5,06";"4,82";"Medininkų";57
"LIUDAS KAŠKONAS";"Lietuvos Respublikos liberalų sąjūdis";"802";"51";"853";"4,74";"4,51";"Medininkų";57
"JELENA ANDRIJANOVA";"Antikorupcinė N. Puteikio ir K. Krivicko koalicija (Lietuvos centro partija, Lietuvos pensininkų partiją)";"146";"26";"172";"0,96";"0,91";"Medininkų";57
"JONAS LIESYS";"Lietuvos Respublikos liberalų sąjūdis";"1975";"244";"2219";"15,56";"14,64";"Trakų-Vievio";58
"DANGUTĖ MIKUTIENĖ";"Darbo partija";"1859";"304";"2163";"15,17";"14,28";"Trakų-Vievio";58
"JAROSLAV NARKEVIČ";"Lietuvos lenkų rinkimų akcija-Krikščioniškų šeimų sąjunga";"1888";"245";"2133";"14,96";"14,08";"Trakų-Vievio";58
"VIDAS URBONAVIČIUS";"Tėvynės sąjunga - Lietuvos krikščionys demokratai";"1702";"191";"1893";"13,27";"12,49";"Trakų-Vievio";58
"EGIDIJUS VAREIKIS";"Lietuvos valstiečių ir žaliųjų sąjunga";"1473";"141";"1614";"11,32";"10,65";"Trakų-Vievio";58
"VYTAUTAS ZALIECKAS";"Lietuvos socialdemokratų partija";"1183";"164";"1347";"9,44";"8,89";"Trakų-Vievio";58
"VYDŪNAS SADAUSKAS";"Lietuvos laisvės sąjunga (liberalai)";"1138";"105";"1243";"8,72";"8,20";"Trakų-Vievio";58
"AUDRONĖ VIRGANAVIČIŪTĖ";"Partija Tvarka ir teisingumas";"576";"84";"660";"4,63";"4,36";"Trakų-Vievio";58
"ŠARŪNAS BAGDONAS";"Politinė partija „Lietuvos sąrašas“";"461";"77";"538";"3,77";"3,55";"Trakų-Vievio";58
"ARŪNAS KRIAUČIŪNAS";"Antikorupcinė N. Puteikio ir K. Krivicko koalicija (Lietuvos centro partija, Lietuvos pensininkų partiją)";"242";"37";"279";"1,96";"1,84";"Trakų-Vievio";58
"KAZIMIERAS JURAITIS";"Lietuvos liaudies partija";"149";"24";"173";"1,21";"1,14";"Trakų-Vievio";58
"LAIMUTĖ MATKEVIČIENĖ";"Lietuvos valstiečių ir žaliųjų sąjunga";"3809";"728";"4537";"26,37";"24,75";"Kaišiadorių-Elektrėnų";59
"MANTAS ADOMĖNAS";"Tėvynės sąjunga - Lietuvos krikščionys demokratai";"3012";"763";"3775";"21,94";"20,60";"Kaišiadorių-Elektrėnų";59
"MARIUS MUIŽINIKAS";"Lietuvos socialdemokratų partija";"2579";"535";"3114";"18,10";"16,99";"Kaišiadorių-Elektrėnų";59
"ARMINAS LYDEKA";"Lietuvos Respublikos liberalų sąjūdis";"1455";"345";"1800";"10,46";"9,82";"Kaišiadorių-Elektrėnų";59
"MINDAUGAS ŠIMKŪNAS";"Politinė partija „Lietuvos sąrašas“";"915";"154";"1069";"6,21";"5,83";"Kaišiadorių-Elektrėnų";59
"VIKTORAS FIODOROVAS";"Darbo partija";"637";"202";"839";"4,88";"4,58";"Kaišiadorių-Elektrėnų";59
"ALGIRDAS GENEVIČIUS";"Partija Tvarka ir teisingumas";"623";"185";"808";"4,70";"4,41";"Kaišiadorių-Elektrėnų";59
"RITA GLIAUDELIENĖ";"Lietuvos laisvės sąjunga (liberalai)";"522";"130";"652";"3,79";"3,56";"Kaišiadorių-Elektrėnų";59
"ARŪNAS SIMONAITIS";"Antikorupcinė N. Puteikio ir K. Krivicko koalicija (Lietuvos centro partija, Lietuvos pensininkų partiją)";"294";"71";"365";"2,12";"1,99";"Kaišiadorių-Elektrėnų";59
"EVELINA SOLOVJOVA";"Lietuvos lenkų rinkimų akcija-Krikščioniškų šeimų sąjunga";"209";"38";"247";"1,44";"1,35";"Kaišiadorių-Elektrėnų";59
"RIMANTAS SINKEVIČIUS";"Lietuvos socialdemokratų partija";"6199";"844";"7043";"43,84";"41,64";"Jonavos";60
"GINTARAS STAŠIONIS";"Lietuvos valstiečių ir žaliųjų sąjunga";"2444";"300";"2744";"17,08";"16,22";"Jonavos";60
"REMIGIJUS OSAUSKAS";"Lietuvos Respublikos liberalų sąjūdis";"1929";"324";"2253";"14,03";"13,32";"Jonavos";60
"DARIUS MOCKUS";"Tėvynės sąjunga - Lietuvos krikščionys demokratai";"1884";"297";"2181";"13,58";"12,89";"Jonavos";60
"SAULIUS JAKIMAVIČIUS";"Darbo partija";"729";"152";"881";"5,48";"5,21";"Jonavos";60
"LORETA MACIONIENĖ";"Partija Tvarka ir teisingumas";"393";"65";"458";"2,85";"2,71";"Jonavos";60
"LORENAS MAKARAVIČIUS";"Politinė partija „Lietuvos sąrašas“";"263";"36";"299";"1,86";"1,77";"Jonavos";60
"RAIMONDA BALTRUKĖNĖ";"Antikorupcinė N. Puteikio ir K. Krivicko koalicija (Lietuvos centro partija, Lietuvos pensininkų partiją)";"162";"43";"205";"1,28";"1,21";"Jonavos";60
"AGNĖ BALČIŪNIENĖ";"Tėvynės sąjunga - Lietuvos krikščionys demokratai";"2677";"573";"3250";"20,93";"19,58";"Ukmergės";61
"JUOZAS VARŽGALYS";"Lietuvos valstiečių ir žaliųjų sąjunga";"2532";"498";"3030";"19,51";"18,25";"Ukmergės";61
"ARŪNAS DUDĖNAS";"Lietuvos socialdemokratų partija";"2050";"588";"2638";"16,99";"15,89";"Ukmergės";61
"LORETA GRAUŽINIENĖ";"Darbo partija";"2112";"482";"2594";"16,70";"15,63";"Ukmergės";61
"EDUARDAS ZEZIULEVIČIUS";"Save išsikėlę";"1036";"164";"1200";"7,73";"7,23";"Ukmergės";61
"TOMAS BAGINSKAS";"Lietuvos Respublikos liberalų sąjūdis";"704";"145";"849";"5,47";"5,11";"Ukmergės";61
"JUOZAS IMBRASAS";"Partija Tvarka ir teisingumas";"491";"125";"616";"3,97";"3,71";"Ukmergės";61
"NIJOLĖ GIEDRAITIENĖ";"Antikorupcinė N. Puteikio ir K. Krivicko koalicija (Lietuvos centro partija, Lietuvos pensininkų partiją)";"523";"85";"608";"3,92";"3,66";"Ukmergės";61
"REGIMANTAS BARAVYKAS";"Lietuvos laisvės sąjunga (liberalai)";"337";"96";"433";"2,79";"2,61";"Ukmergės";61
"JŪRATĖ BALTRŪNIENĖ";"Politinė partija „Lietuvos sąrašas“";"255";"56";"311";"2,00";"1,87";"Ukmergės";61
"DAIVARAS RYBAKOVAS";"Tėvynės sąjunga - Lietuvos krikščionys demokratai";"2295";"521";"2816";"18,56";"17,36";"Jurbarko-Pagėgių";62
"RIČARDAS JUŠKA";"Lietuvos Respublikos liberalų sąjūdis";"2138";"599";"2737";"18,04";"16,87";"Jurbarko-Pagėgių";62
"BRONIUS PAUŽA";"Lietuvos socialdemokratų partija";"2096";"636";"2732";"18,01";"16,84";"Jurbarko-Pagėgių";62
"ANTANAS KLIUNKA";"Lietuvos valstiečių ir žaliųjų sąjunga";"2163";"376";"2539";"16,73";"15,65";"Jurbarko-Pagėgių";62
"KĘSTUTIS KOMSKIS";"Partija Tvarka ir teisingumas";"1452";"410";"1862";"12,27";"11,48";"Jurbarko-Pagėgių";62
"SAULIUS LAPĖNAS";"Darbo partija";"858";"263";"1121";"7,39";"6,91";"Jurbarko-Pagėgių";62
"DIJANA OLSSON";"Lietuvos laisvės sąjunga (liberalai)";"851";"143";"994";"6,55";"6,13";"Jurbarko-Pagėgių";62
"RIMA PAUKŠTELIENĖ";"Lietuvos liaudies partija";"147";"43";"190";"1,25";"1,17";"Jurbarko-Pagėgių";62
"AIDA NAVIKAITĖ-BAGUŠAUSKIENĖ";"Lietuvos centro partija";"143";"38";"181";"1,19";"1,12";"Jurbarko-Pagėgių";62
"KĘSTUTIS MAŽEIKA";"Lietuvos valstiečių ir žaliųjų sąjunga";"4065";"597";"4662";"31,84";"29,50";"Sūduvos";63
"JUOZAS OLEKAS";"Lietuvos socialdemokratų partija";"2046";"456";"2502";"17,09";"15,83";"Sūduvos";63
"VALDAS ALEKNAVIČIUS";"Tėvynės sąjunga - Lietuvos krikščionys demokratai";"1940";"529";"2469";"16,86";"15,62";"Sūduvos";63
"ALGIMANTA PABEDINSKIENĖ";"Darbo partija";"1429";"350";"1779";"12,15";"11,26";"Sūduvos";63
"DOBILAS SINKEVIČIUS";"Partija Tvarka ir teisingumas";"1257";"225";"1482";"10,12";"9,38";"Sūduvos";63
"REDA KNEIZEVIČIENĖ";"Lietuvos Respublikos liberalų sąjūdis";"1168";"238";"1406";"9,60";"8,90";"Sūduvos";63
"ALVYDAS DIRSĖ";"Antikorupcinė N. Puteikio ir K. Krivicko koalicija (Lietuvos centro partija, Lietuvos pensininkų partiją)";"283";"60";"343";"2,34";"2,17";"Sūduvos";63
"MINDAUGAS BASTYS";"Lietuvos socialdemokratų partija";"2306";"637";"2943";"20,09";"18,78";"Zanavykų";64
"ARVYDAS VIDŽIŪNAS";"Tėvynės sąjunga - Lietuvos krikščionys demokratai";"2247";"685";"2932";"20,02";"18,71";"Zanavykų";64
"VIDAS CIKANA";"Antikorupcinė N. Puteikio ir K. Krivicko koalicija (Lietuvos centro partija, Lietuvos pensininkų partiją)";"2405";"510";"2915";"19,90";"18,60";"Zanavykų";64
"RIMANTAS VALIUKAS";"Lietuvos valstiečių ir žaliųjų sąjunga";"2184";"408";"2592";"17,70";"16,54";"Zanavykų";64
"MINDAUGAS TARNAUSKAS";"Lietuvos laisvės sąjunga (liberalai)";"1461";"318";"1779";"12,15";"11,35";"Zanavykų";64
"KĘSTUTIS ŠNIPAS";"Darbo partija";"378";"122";"500";"3,41";"3,19";"Zanavykų";64
"DALIA TEIŠERSKYTĖ";"Lietuvos Respublikos liberalų sąjūdis";"328";"129";"457";"3,12";"2,92";"Zanavykų";64
"DONATAS MIZARAS";"Partija Tvarka ir teisingumas";"299";"89";"388";"2,65";"2,48";"Zanavykų";64
"GINTAUTAS AUGUSTAITIS";"„Drąsos kelias“ politinė partija";"99";"41";"140";"0,96";"0,89";"Zanavykų";64
"VIKTORAS PRANCKIETIS";"Lietuvos valstiečių ir žaliųjų sąjunga";"5486";"380";"5866";"29,83";"28,11";"Raudondvario";65
"RAMINTA POPOVIENĖ";"Lietuvos socialdemokratų partija";"4644";"598";"5242";"26,65";"25,12";"Raudondvario";65
"JUSTINAS URBANAVIČIUS";"Tėvynės sąjunga - Lietuvos krikščionys demokratai";"4275";"422";"4697";"23,88";"22,51";"Raudondvario";65
"GINTAUTAS KRILAVIČIUS";"Lietuvos Respublikos liberalų sąjūdis";"1426";"104";"1530";"7,78";"7,33";"Raudondvario";65
"ANTANAS MAKAREVIČIUS";"Darbo partija";"842";"105";"947";"4,82";"4,54";"Raudondvario";65
"RIMAS ANDRIKIS";"Partija Tvarka ir teisingumas";"740";"95";"835";"4,25";"4,00";"Raudondvario";65
"DARIUS KAMINICKAS";"„Drąsos kelias“ politinė partija";"263";"13";"276";"1,40";"1,32";"Raudondvario";65
"KĘSTUTIS GUMBRYS";"Antikorupcinė N. Puteikio ir K. Krivicko koalicija (Lietuvos centro partija, Lietuvos pensininkų partiją)";"247";"27";"274";"1,39";"1,31";"Raudondvario";65
"DONATAS JANKAUSKAS";"Tėvynės sąjunga - Lietuvos krikščionys demokratai";"4850";"412";"5262";"30,80";"28,78";"Garliavos";66
"KĘSTUTIS BACVINKA";"Lietuvos valstiečių ir žaliųjų sąjunga";"4119";"166";"4285";"25,08";"23,44";"Garliavos";66
"ANTANAS NESTECKIS";"Lietuvos socialdemokratų partija";"3084";"220";"3304";"19,34";"18,07";"Garliavos";66
"ASTA ULINSKAITĖ";"Lietuvos Respublikos liberalų sąjūdis";"1730";"108";"1838";"10,76";"10,05";"Garliavos";66
"AUDRONĖ SKUČIENĖ";"„Drąsos kelias“ politinė partija";"678";"37";"715";"4,19";"3,91";"Garliavos";66
"AUŠRA DEGUTYTĖ";"Darbo partija";"643";"64";"707";"4,14";"3,87";"Garliavos";66
"ČESLOVAS JEZERSKAS";"Lietuvos laisvės sąjunga (liberalai)";"481";"36";"517";"3,03";"2,83";"Garliavos";66
"ARNOLDAS TAUJANSKAS";"Partija Tvarka ir teisingumas";"416";"40";"456";"2,67";"2,49";"Garliavos";66
"ANDRIUS PALIONIS";"Lietuvos socialdemokratų partija";"4816";"1263";"6079";"39,66";"37,08";"Prienų-Birštono";67
"ĄŽUOLAS RAŠKEVIČIUS";"Lietuvos valstiečių ir žaliųjų sąjunga";"2131";"338";"2469";"16,11";"15,06";"Prienų-Birštono";67
"EMANUELIS ZINGERIS";"Tėvynės sąjunga - Lietuvos krikščionys demokratai";"1385";"340";"1725";"11,26";"10,52";"Prienų-Birštono";67
"VYTAUTAS KAMBLEVIČIUS";"Partija Tvarka ir teisingumas";"1131";"376";"1507";"9,83";"9,19";"Prienų-Birštono";67
"EGIDIJUS VISOCKAS";"Politinė partija „Lietuvos sąrašas“";"1215";"231";"1446";"9,43";"8,82";"Prienų-Birštono";67
"GINTAUTAS BARTULIS";"Lietuvos Respublikos liberalų sąjūdis";"692";"190";"882";"5,75";"5,38";"Prienų-Birštono";67
"ALGIS MARCINKEVIČIUS";"Lietuvos laisvės sąjunga (liberalai)";"563";"136";"699";"4,56";"4,26";"Prienų-Birštono";67
"JŪRATĖ GAUČIENĖ";"„Drąsos kelias“ politinė partija";"253";"53";"306";"2,00";"1,87";"Prienų-Birštono";67
"VLADAS RAIŠYS";"Antikorupcinė N. Puteikio ir K. Krivicko koalicija (Lietuvos centro partija, Lietuvos pensininkų partiją)";"178";"35";"213";"1,39";"1,30";"Prienų-Birštono";67
"ALGIRDAS BUTKEVIČIUS";"Lietuvos socialdemokratų partija";"4604";"999";"5603";"39,17";"36,23";"Vilkaviškio";68
"KĘSTUTIS SMIRNOVAS";"Lietuvos valstiečių ir žaliųjų sąjunga";"3635";"573";"4208";"29,42";"27,21";"Vilkaviškio";68
"VYTAUTAS JUDICKAS";"Tėvynės sąjunga - Lietuvos krikščionys demokratai";"1252";"363";"1615";"11,29";"10,44";"Vilkaviškio";68
"EGIDIJUS PAPEČKYS";"Lietuvos Respublikos liberalų sąjūdis";"1266";"198";"1464";"10,24";"9,47";"Vilkaviškio";68
"EDMUNDAS ŽALYS";"Darbo partija";"482";"116";"598";"4,18";"3,87";"Vilkaviškio";68
"ALGIS PADVELSKIS";"Antikorupcinė N. Puteikio ir K. Krivicko koalicija (Lietuvos centro partija, Lietuvos pensininkų partiją)";"441";"85";"526";"3,68";"3,40";"Vilkaviškio";68
"RAIMONDA MARČIUKAITIENĖ";"Politinė partija „Lietuvos sąrašas“";"241";"48";"289";"2,02";"1,87";"Vilkaviškio";68
"LAURYNAS KASČIŪNAS";"Tėvynės sąjunga - Lietuvos krikščionys demokratai";"3835";"984";"4819";"29,36";"27,20";"Dzūkijos";69
"PETRAS VALIŪNAS";"Lietuvos valstiečių ir žaliųjų sąjunga";"3002";"379";"3381";"20,60";"19,08";"Dzūkijos";69
"AURIMAS TRUNCĖ";"Save išsikėlę";"2175";"358";"2533";"15,43";"14,29";"Dzūkijos";69
"VYDAS BARAVYKAS";"Lietuvos socialdemokratų partija";"1766";"365";"2131";"12,99";"12,03";"Dzūkijos";69
"RAIMUNDAS MARKAUSKAS";"Darbo partija";"1097";"207";"1304";"7,95";"7,36";"Dzūkijos";69
"RAMŪNAS BIELEVIČIUS";"Lietuvos Respublikos liberalų sąjūdis";"757";"190";"947";"5,77";"5,34";"Dzūkijos";69
"AGNĖ PETRAVIČIENĖ";"Partija Tvarka ir teisingumas";"675";"127";"802";"4,89";"4,53";"Dzūkijos";69
"AUGUSTAS VICHROVAS";"Antikorupcinė N. Puteikio ir K. Krivicko koalicija (Lietuvos centro partija, Lietuvos pensininkų partiją)";"458";"36";"494";"3,01";"2,79";"Dzūkijos";69
"VIDAS MIKALAUSKAS";"Lietuvos socialdemokratų partija";"3079";"1057";"4136";"26,78";"25,23";"Varėnos-Trakų";70
"JUOZAS BAUBLYS";"Lietuvos Respublikos liberalų sąjūdis";"2113";"695";"2808";"18,18";"17,13";"Varėnos-Trakų";70
"LIUTAURAS KAZLAVICKAS";"Tėvynės sąjunga - Lietuvos krikščionys demokratai";"1683";"545";"2228";"14,42";"13,59";"Varėnos-Trakų";70
"MARIJONAS ČAPKOVSKIS";"Lietuvos valstiečių ir žaliųjų sąjunga";"1675";"467";"2142";"13,87";"13,07";"Varėnos-Trakų";70
"MARIJA PUČ";"Lietuvos lenkų rinkimų akcija-Krikščioniškų šeimų sąjunga";"1077";"331";"1408";"9,12";"8,59";"Varėnos-Trakų";70
"GEDIMINAS JAKAVONIS";"Darbo partija";"855";"379";"1234";"7,99";"7,53";"Varėnos-Trakų";70
"MARIUS JUŠKEVIČIUS";"Partija Tvarka ir teisingumas";"394";"172";"566";"3,66";"3,45";"Varėnos-Trakų";70
"EIMANTAS KIRKLIAUSKAS";"Lietuvos laisvės sąjunga (liberalai)";"415";"118";"533";"3,45";"3,25";"Varėnos-Trakų";70
"LAURAS PRANCKEVIČIUS";"Antikorupcinė N. Puteikio ir K. Krivicko koalicija (Lietuvos centro partija, Lietuvos pensininkų partiją)";"149";"54";"203";"1,31";"1,24";"Varėnos-Trakų";70
"ANGELĖ KOSTOGRIZIENĖ";"Lietuvos liaudies partija";"126";"63";"189";"1,22";"1,15";"Varėnos-Trakų";70
"ZENONAS STREIKUS";"Lietuvos valstiečių ir žaliųjų sąjunga";"3525";"610";"4135";"22,50";"21,04";"Lazdijų-Druskininkų";71
"KRISTINA MIŠKINIENĖ";"Lietuvos socialdemokratų partija";"3218";"782";"4000";"21,77";"20,35";"Lazdijų-Druskininkų";71
"JUOZAS GALDIKAS";"Tėvynės sąjunga - Lietuvos krikščionys demokratai";"2703";"960";"3663";"19,93";"18,64";"Lazdijų-Druskininkų";71
"VALDAS VASILIAUSKAS";"Save išsikėlę";"2243";"381";"2624";"14,28";"13,35";"Lazdijų-Druskininkų";71
"ROMAS SADAUSKAS";"Lietuvos Respublikos liberalų sąjūdis";"1070";"337";"1407";"7,66";"7,16";"Lazdijų-Druskininkų";71
"ALBINAS ŽYMANČIUS";"Partija Tvarka ir teisingumas";"1029";"369";"1398";"7,61";"7,11";"Lazdijų-Druskininkų";71
"RENALDAS MAZIUKAS";"Darbo partija";"679";"191";"870";"4,73";"4,43";"Lazdijų-Druskininkų";71
"ROKAS DAILYDĖ";"Lietuvos lenkų rinkimų akcija-Krikščioniškų šeimų sąjunga";"144";"51";"195";"1,06";"0,99";"Lazdijų-Druskininkų";71
"EDVARDAS MICHALIOVAS";"Antikorupcinė N. Puteikio ir K. Krivicko koalicija (Lietuvos centro partija, Lietuvos pensininkų partiją)";"72";"12";"84";"0,46";"0,43";"Lazdijų-Druskininkų";71
